,Dataset,Input Size,Type,Classifier,Formated Results,Area Under Curve,Autoencoders
0,O3 Run,4096,Vanilla AE (0.75 Masked),LogisticRegression,"0.5914 (0.5536, 0.6427)",0.5616671834027538,20240131232438:20240131233323:20240131234126:20240131234940
1,O3 Run,4096,Vanilla AE (0.75 Masked),GradientBoostingClassifier,"0.5909 (0.5689, 0.6224)",0.5278054076981705,20240131225414:20240131230049:20240131230813:20240131231530
2,O3 Run,4096,Vanilla AE (0.75 Masked),XGBClassifier,"0.5847 (0.5824, 0.5886)",0.563160073700262,20240126172112:20240126194741:20240126220134:20240127002139
3,O3 Run,4096,Vanilla AE (0.75 Masked),ExtraTreesClassifier,"0.5603 (0.5103, 0.6269)",0.5728856452455591,20240124222545:20240125012237:20240125050018:20240125083809
4,O3 Run,4096,Vanilla AE (0.75 Masked),HBOS,"0.0768 (0.4375, 0.0426)",0.5073999625454366,20240129145238:20240129173519:20240129202002:20240129225947
5,O3 Run,4096,Vanilla AE (0.75 Masked),COPOD,"0.0673 (0.5833, 0.0360)",0.5055059523809524,20240129120905:20240129121545:20240129122159:20240129122812
6,O3 Run,4096,Vanilla AE (0.75 Masked),ABOD,"0.0000 (0.0000, 0.0000)",0.5,20240124024633:20240124044931:20240124064708:20240124084942
7,O3 Run,4096,Vanilla AE (0.50 Masked),GradientBoostingClassifier,"0.5923 (0.6123, 0.5981)",0.6069088047029224,20240201152100:20240201164250:20240201180604:20240201192906
8,O3 Run,4096,Vanilla AE (0.50 Masked),XGBClassifier,"0.5869 (0.5800, 0.6112)",0.5535025495067902,20240130041931:20240130042639:20240130043311:20240130043943
9,O3 Run,4096,Vanilla AE (0.50 Masked),LogisticRegression,"0.5747 (0.5834, 0.5912)",0.5435423732762545,20240128204147:20240128205243:20240128210320:20240128211331
10,O3 Run,4096,Vanilla AE (0.50 Masked),RandomForestClassifier,"0.5684 (0.5841, 0.5791)",0.6196883267195767,20240124101806:20240124115411:20240124132452
11,O3 Run,4096,Vanilla AE (0.50 Masked),HBOS,"0.0911 (0.5000, 0.0509)",0.5202245670995671,20240124003257:20240124004416:20240124005544:20240124010528
12,O3 Run,4096,Vanilla AE (0.50 Masked),COPOD,"0.0656 (0.4375, 0.0367)",0.5094132001459588,20240125102229:20240125121147:20240125134714:20240125152233
13,O3 Run,4096,Vanilla AE (0.50 Masked),ABOD,"0.0000 (0.0000, 0.0000)",0.5,20240123170923:20240123192615:20240123220829:20240124000920
14,O3 Run,4096,Vanilla AE (0.25 Masked),LogisticRegression,"0.5799 (0.5512, 0.6206)",0.5528668535546384,20240131152632:20240131172607:20240131192902:20240131213739
15,O3 Run,4096,Vanilla AE (0.25 Masked),GradientBoostingClassifier,"0.5709 (0.5083, 0.6593)",0.6116328905338211,20240128080155:20240128080931:20240128081650:20240128082401
16,O3 Run,4096,Vanilla AE (0.25 Masked),XGBClassifier,"0.5677 (0.5549, 0.5937)",0.5991775744780672,20240128080155:20240128080931:20240128081650:20240128082401
17,O3 Run,4096,Vanilla AE (0.25 Masked),HBOS,"0.0995 (0.4500, 0.0570)",0.5242081736909323,20240128080155:20240128080931:20240128081650:20240128082401
18,O3 Run,4096,Vanilla AE (0.25 Masked),COPOD,"0.0911 (0.4167, 0.0512)",0.516999666999667,20240204182711:20240204183129:20240204183554:20240204184011
19,O3 Run,4096,Vanilla AE (0.25 Masked),ABOD,"0.0000 (0.0000, 0.0000)",0.5,20240124143054:20240124143508:20240124143910:20240124144322
20,O3 Run,4096,Vanilla AE,XGBClassifier,"0.6295 (0.6107, 0.6567)",0.6169872243252139,20240201072927:20240201095038:20240201113929:20240201132709
21,O3 Run,4096,Vanilla AE,GradientBoostingClassifier,"0.5922 (0.5864, 0.6131)",0.6145615854479621,20240201072927:20240201095038:20240201113929:20240201132709
22,O3 Run,4096,Vanilla AE,LogisticRegression,"0.5704 (0.5621, 0.5844)",0.5861936400293255,20240201072927:20240201095038:20240201113929:20240201132709
23,O3 Run,4096,Vanilla AE,RandomForestClassifier,"0.5520 (0.5524, 0.5717)",0.6260224343557677,20240128160747:20240128172733:20240128185230:20240128201747
24,O3 Run,4096,Vanilla AE,ExtraTreesClassifier,"0.4533 (0.4658, 0.4500)",0.4754173411022069,20240125213842:20240125215821:20240125221730:20240125223354
25,O3 Run,4096,Vanilla AE,HBOS,"0.1298 (0.4500, 0.0759)",0.5334821428571429,20240201072927:20240201095038:20240201113929:20240201132709
26,O3 Run,4096,Vanilla AE,COPOD,"0.0333 (0.2500, 0.0179)",0.4966973886328725,20240125165547:20240125182326:20240125195151:20240125212047
27,O3 Run,4096,Vanilla AE,ABOD,"0.0000 (0.0000, 0.0000)",0.5,20240122215535:20240123031848:20240123083307:20240123143155
28,O3 Run,4096,Adversarial AE (0.75 Masked),XGBClassifier,"0.6353 (0.5861, 0.7004)",0.6403388128873043,20240124191438:20240124225602:20240125014924:20240125052424
29,O3 Run,4096,Adversarial AE (0.75 Masked),ExtraTreesClassifier,"0.6080 (0.5972, 0.6299)",0.6645060865775216,20240124191438:20240124225602:20240125014924:20240125052424
30,O3 Run,4096,Adversarial AE (0.75 Masked),GradientBoostingClassifier,"0.5842 (0.5584, 0.6138)",0.6210132410294048,20240124191438:20240124225602:20240125014924:20240125052424
31,O3 Run,4096,Adversarial AE (0.75 Masked),LogisticRegression,"0.5651 (0.5588, 0.5859)",0.4947856573663948,20240127064041:20240127064702:20240127065303:20240127065918
32,O3 Run,4096,Adversarial AE (0.75 Masked),GMM,"0.5525 (0.4326, 0.8173)",0.4711538461538461,20240129120503:20240129121054:20240129121733:20240129122348
33,O3 Run,4096,Adversarial AE (0.75 Masked),COPOD,"0.0857 (0.2500, 0.0517)",0.5220741901776385,20240129120503:20240129121054:20240129121733:20240129122348
34,O3 Run,4096,Adversarial AE (0.75 Masked),HBOS,"0.0786 (0.5000, 0.0429)",0.5214646464646464,20240124191438:20240124225602:20240125014924:20240125052424
35,O3 Run,4096,Adversarial AE (0.75 Masked),ABOD,"0.0000 (0.0000, 0.0000)",0.5,20240124010750:20240124025653:20240124045930:20240124065708
36,O3 Run,4096,Adversarial AE (0.50 Masked),GMM,"0.7513 (0.6027, 1.0000)",0.5,20240126105826:20240126114827:20240126123200:20240126131557
37,O3 Run,4096,Adversarial AE (0.50 Masked),GradientBoostingClassifier,"0.5831 (0.5699, 0.6000)",0.5797107304460246,20240124002532:20240124003519:20240124004632:20240124005807
38,O3 Run,4096,Adversarial AE (0.50 Masked),LogisticRegression,"0.5794 (0.5765, 0.5906)",0.5864307261366084,20240124002532:20240124003519:20240124004632:20240124005807
39,O3 Run,4096,Adversarial AE (0.50 Masked),XGBClassifier,"0.5760 (0.5942, 0.5611)",0.5606052388983648,20240130041356:20240130042136:20240130042842:20240130043510
40,O3 Run,4096,Adversarial AE (0.50 Masked),RandomForestClassifier,"0.5639 (0.5162, 0.6330)",0.5965071451182563,20240124085946:20240124102629:20240124120243
41,O3 Run,4096,Adversarial AE (0.50 Masked),HBOS,"0.1313 (0.6667, 0.0764)",0.5382241215574549,20240124085946:20240124102629:20240124120243
42,O3 Run,4096,Adversarial AE (0.50 Masked),COPOD,"0.0811 (0.2500, 0.0484)",0.5185117302052786,20240126105826:20240126114827:20240126123200:20240126131557
43,O3 Run,4096,Adversarial AE (0.50 Masked),ABOD,"0.0000 (0.0000, 0.0000)",0.5,20240123151403:20240123172432:20240123194235:20240123222238
44,O3 Run,4096,Adversarial AE (0.25 Masked),GMM,"0.6564 (0.5305, 0.8893)",0.4508821321321321,20240202111831:20240202112504:20240202113159:20240202113829
45,O3 Run,4096,Adversarial AE (0.25 Masked),GradientBoostingClassifier,"0.6135 (0.6539, 0.5861)",0.6016878603991297,20240202111831:20240202112504:20240202113159:20240202113829
46,O3 Run,4096,Adversarial AE (0.25 Masked),LogisticRegression,"0.5883 (0.5781, 0.6009)",0.6061138819892508,20240201215107:20240201220734:20240201222248:20240201223843
47,O3 Run,4096,Adversarial AE (0.25 Masked),XGBClassifier,"0.5724 (0.6293, 0.5283)",0.6058401073487281,20240202111831:20240202112504:20240202113159:20240202113829
48,O3 Run,4096,Adversarial AE (0.25 Masked),HBOS,"0.1057 (0.4500, 0.0603)",0.5261401557285873,20240130055610:20240130062249:20240130065716:20240130072642
49,O3 Run,4096,Adversarial AE (0.25 Masked),COPOD,"0.0677 (0.5000, 0.0367)",0.5147943885200257,20240130055610:20240130062249:20240130065716:20240130072642
50,O3 Run,4096,Adversarial AE (0.25 Masked),ABOD,"0.0000 (0.0000, 0.0000)",0.5,20240124142817:20240124143224:20240124143635:20240124144036
51,O3 Run,4096,Adversarial AE,XGBClassifier,"0.6038 (0.6002, 0.6151)",0.6186214605239468,20240201054933:20240201081321:20240201100444:20240201115319
52,O3 Run,4096,Adversarial AE,ExtraTreesClassifier,"0.5797 (0.5143, 0.6750)",0.6453399033621019,20240125213031:20240125215005:20240125220948:20240125222612
53,O3 Run,4096,Adversarial AE,GradientBoostingClassifier,"0.5737 (0.5440, 0.6157)",0.5779834215313742,20240125153605:20240125170610:20240125183340:20240125200220
54,O3 Run,4096,Adversarial AE,LogisticRegression,"0.5737 (0.5591, 0.5944)",0.5315755494505494,20240130050628:20240130051822:20240130053058:20240130054324
55,O3 Run,4096,Adversarial AE,RandomForestClassifier,"0.4920 (0.4856, 0.5017)",0.5812112875224015,20240128152737:20240128162407:20240128174813:20240128190832
56,O3 Run,4096,Adversarial AE,HBOS,"0.1188 (0.5000, 0.0699)",0.5349378881987578,20240205174837:20240205175832:20240205180928:20240205181954
57,O3 Run,4096,Adversarial AE,COPOD,"0.0956 (0.6875, 0.0520)",0.517080745341615,20240205174837:20240205175832:20240205180928:20240205181954
58,O3 Run,4096,Adversarial AE,ABOD,"0.0000 (0.0000, 0.0000)",0.5,20240122165628:20240122223801:20240123040108:20240123091505
0,Task 3,4096,Vanilla AE (0.75 Masked),GradientBoostingClassifier,"0.4421 (0.3867, 0.5350)",0.6220158730158729,20231204185608:20231204190201:20231204190743:20231204191307:20231204191856
1,Task 3,4096,Vanilla AE (0.75 Masked),ExtraTreesClassifier,"0.4048 (0.6333, 0.3067)",0.6602733785822021,20231204014417:20231204014752:20231204015209:20231204015618:20231204020109
2,Task 3,4096,Vanilla AE (0.75 Masked),XGBClassifier,"0.3660 (0.5133, 0.3171)",0.6544261294261294,20231204105535:20231204105857:20231204110214:20231204110524:20231204110845
3,Task 3,4096,Vanilla AE (0.75 Masked),LogisticRegression,"0.3179 (0.3122, 0.3667)",0.5805718954248367,20231204045837:20231204050350:20231204050752:20231204051327:20231204051731
4,Task 3,4096,Vanilla AE (0.75 Masked),RandomForestClassifier,"0.2921 (0.4000, 0.2333)",0.5483917124542124,20231207002317:20231207003228:20231207004047:20231207004927:20231207005644
5,Task 3,4096,Vanilla AE (0.75 Masked),HBOS,"0.1667 (0.3000, 0.1167)",0.5366934046345812,20231203053223:20231203053754:20231203054326:20231203054831:20231203055352
6,Task 3,4096,Vanilla AE (0.75 Masked),COPOD,"0.1500 (0.4000, 0.0952)",0.5476190476190477,20231204192642:20231204193449:20231204194253:20231204195028:20231204195832
7,Task 3,4096,Vanilla AE (0.75 Masked),ABOD,"0.0000 (0.0000, 0.0000)",0.5,20231122120236:20231122120416:20231122120553:20231122120735:20231122120911
8,Task 3,4096,Vanilla AE (0.50 Masked),GradientBoostingClassifier,"0.5539 (0.6383, 0.5040)",0.6808014346764347,20231202152530:20231202152943:20231202153350:20231202153820:20231202154235
9,Task 3,4096,Vanilla AE (0.50 Masked),XGBClassifier,"0.4042 (0.4100, 0.4171)",0.5940412365412364,20231207055410:20231207055900:20231207060300:20231207060709:20231207061119
10,Task 3,4096,Vanilla AE (0.50 Masked),LogisticRegression,"0.3852 (0.4444, 0.4087)",0.6048534798534799,20231205075803:20231205080606:20231205081358
11,Task 3,4096,Vanilla AE (0.50 Masked),ExtraTreesClassifier,"0.2714 (0.4000, 0.2167)",0.6316602025425555,20231202160007:20231202160244:20231202160527:20231202160743:20231202161006
12,Task 3,4096,Vanilla AE (0.50 Masked),RandomForestClassifier,"0.2364 (0.3667, 0.1917)",0.5208766233766233,20231204034044:20231204034609:20231204035028:20231204035545:20231204040006
13,Task 3,4096,Vanilla AE (0.50 Masked),COPOD,"0.1871 (0.4667, 0.1286)",0.5517857142857142,20231202053154:20231202053715:20231202053951:20231202054507:20231202055028
14,Task 3,4096,Vanilla AE (0.50 Masked),HBOS,"0.1778 (0.4000, 0.1250)",0.5625,20231205002554:20231205002921:20231205003243:20231205003602:20231205003925
15,Task 3,4096,Vanilla AE (0.50 Masked),ABOD,"0.0000 (0.0000, 0.0000)",0.5,20231126220727:20231126221002:20231126221231:20231126221651:20231126221901
16,Task 3,4096,Vanilla AE (0.25 Masked),GradientBoostingClassifier,"0.5123 (0.4467, 0.6500)",0.6842708333333334,20231202190128:20231202190351:20231202190613:20231202190829:20231202191046
17,Task 3,4096,Vanilla AE (0.25 Masked),XGBClassifier,"0.4444 (0.4867, 0.4200)",0.7164258780435251,20231207142013:20231207142435:20231207142855:20231207143328:20231207143754
18,Task 3,4096,Vanilla AE (0.25 Masked),LogisticRegression,"0.3460 (0.6133, 0.2762)",0.5981501831501831,20231207092635:20231207093207:20231207093804:20231207094423:20231207094945
19,Task 3,4096,Vanilla AE (0.25 Masked),RandomForestClassifier,"0.3143 (0.3500, 0.2900)",0.6477258403361345,20231203080252:20231203080604:20231203080930:20231203081221:20231203081517
20,Task 3,4096,Vanilla AE (0.25 Masked),ExtraTreesClassifier,"0.3071 (0.5500, 0.2500)",0.6587952488687783,20231206152759:20231206153311:20231206153907:20231206154435:20231206154911
21,Task 3,4096,Vanilla AE (0.25 Masked),HBOS,"0.1738 (0.4000, 0.1167)",0.54375,20231202120028:20231202120238:20231202120443:20231202120656:20231202120902
22,Task 3,4096,Vanilla AE (0.25 Masked),COPOD,"0.1333 (0.3333, 0.0833)",0.5288461538461539,20231205073718:20231205074357:20231205075057
23,Task 3,4096,Vanilla AE (0.25 Masked),ABOD,"0.0000 (0.0000, 0.0000)",0.5,20231126113744:20231126114011:20231126114307:20231126114643:20231126114927
24,Task 3,4096,Vanilla AE,KNeighborsClassifier,"0.7962 (0.9200, 0.7076)",0.8394505494505495,20231203191609:20231203192421:20231203193233:20231203194040:20231203194856
25,Task 3,4096,Vanilla AE,COPOD,"0.7767 (1.0000, 0.6533)",0.8266666666666665,20231203064756:20231203065232:20231203065654:20231203070118:20231203070540
26,Task 3,4096,Vanilla AE,GradientBoostingClassifier,"0.6795 (0.6190, 0.7671)",0.8217186147186147,20231208053838:20231208054405:20231208054941:20231208055456:20231208060025
27,Task 3,4096,Vanilla AE,XGBClassifier,"0.6767 (0.9500, 0.5500)",0.8363687782805431,20231207193727:20231207194641:20231207195500:20231207200344:20231207201231
28,Task 3,4096,Vanilla AE,HBOS,"0.5010 (0.7667, 0.3824)",0.6707142857142857,20231203191609:20231203192421:20231203193233:20231203194040:20231203194856
29,Task 3,4096,Vanilla AE,LogisticRegression,"0.4810 (0.7333, 0.3667)",0.6749503968253968,20231203202025:20231203202520:20231203202957:20231203203430:20231203203921
30,Task 3,4096,Vanilla AE,SVC,"0.4803 (0.7333, 0.3911)",0.8381416361416362,20231207180539:20231207181343:20231207182121:20231207182850:20231207183625
31,Task 3,4096,Vanilla AE,ABOD,"0.0000 (0.0000, 0.0000)",0.5,20231201184814:20231201185446:20231201190107:20231201190645:20231201191323
32,Task 3,12288,Adversarial AE (0.75 Masked),GradientBoostingClassifier,"0.3113 (0.2583, 0.3944)",0.4892708333333333,20231221202108:20231221202403:20231221202913
33,Task 3,12288,Adversarial AE (0.75 Masked),LogisticRegression,"0.1574 (0.2500, 0.1222)",0.4701058201058201,20231221173032:20231221173328:20231221173832
34,Task 3,12288,Adversarial AE (0.75 Masked),XGBClassifier,"0.1407 (0.2222, 0.1032)",0.4866503866503866,20231221173032:20231221173328:20231221173832
35,Task 3,12288,Adversarial AE (0.75 Masked),COPOD,"0.1111 (0.3333, 0.0667)",0.5333333333333333,20231221173032:20231221173328:20231221173832
36,Task 3,12288,Adversarial AE (0.75 Masked),HBOS,"0.0952 (0.3333, 0.0556)",0.5277777777777778,20231221202108:20231221202403:20231221202913
37,Task 3,12288,Adversarial AE (0.75 Masked),ExtraTreesClassifier,"0.0833 (0.1667, 0.0556)",0.4928009259259259,20231221202108:20231221202403:20231221202913
38,Task 3,12288,Adversarial AE (0.75 Masked),ABOD,"0.0000 (0.0000, 0.0000)",0.5,20231221173032:20231221173328:20231221173832
39,Task 3,12288,Adversarial AE (0.75 Masked),KNeighborsClassifier,"0.0000 (0.0000, 0.0000)",0.5,20231221202108:20231221202403:20231221202913
40,Task 3,12288,Adversarial AE (0.75 Masked),RandomForestClassifier,"0.0000 (0.0000, 0.0000)",0.604698310948311,20231221173032:20231221173328:20231221173832
41,Task 3,4096,Adversarial AE (0.75 Masked),GradientBoostingClassifier,"0.4702 (0.4950, 0.4883)",0.623655462184874,20231204192118:20231204192922:20231204193731:20231204194512:20231204195309
42,Task 3,4096,Adversarial AE (0.75 Masked),XGBClassifier,"0.3869 (0.4900, 0.4024)",0.7413423382173382,20231207201547:20231207202121:20231207202553:20231207203006:20231207203538
43,Task 3,4096,Adversarial AE (0.75 Masked),LogisticRegression,"0.3769 (0.4757, 0.3657)",0.6690487649605297,20231202125616:20231202125958:20231202130319:20231202130705:20231202131040
44,Task 3,4096,Adversarial AE (0.75 Masked),GMM,"0.3457 (0.2212, 0.8000)",0.5,20231203061241:20231203061550:20231203061835:20231203062117:20231203062407
45,Task 3,4096,Adversarial AE (0.75 Masked),RandomForestClassifier,"0.2933 (0.4467, 0.2533)",0.6450138709329886,20231122210440:20231122210701:20231122210915:20231122211128:20231122211328
46,Task 3,4096,Adversarial AE (0.75 Masked),ExtraTreesClassifier,"0.2738 (0.8000, 0.1686)",0.672843137254902,20231201181313:20231201181843:20231201182036:20231201182225:20231201182408
47,Task 3,4096,Adversarial AE (0.75 Masked),COPOD,"0.2299 (0.3667, 0.1738)",0.5220238095238094,20231206084608:20231206085334:20231206090028:20231206090607:20231206091111
48,Task 3,4096,Adversarial AE (0.75 Masked),HBOS,"0.1905 (0.5000, 0.1222)",0.5499999999999999,20231208171212:20231208171710:20231208172226
49,Task 3,4096,Adversarial AE (0.75 Masked),ABOD,"0.0000 (0.0000, 0.0000)",0.5,20231122120147:20231122120325:20231122120506:20231122120640:20231122120824
50,Task 3,12288,Adversarial AE (0.50 Masked),GradientBoostingClassifier,"0.5667 (0.5222, 0.6333)",0.6925925925925925,20231220210911:20231220211217:20231220211730
51,Task 3,12288,Adversarial AE (0.50 Masked),XGBClassifier,"0.5000 (0.7667, 0.3849)",0.7136692283751107,20231223200109:20231223200417:20231223200926
52,Task 3,12288,Adversarial AE (0.50 Masked),SVC,"0.4646 (0.5333, 0.4405)",0.8324094060701204,20231209095410:20231209095744:20231209100302
53,Task 3,12288,Adversarial AE (0.50 Masked),KNeighborsClassifier,"0.3873 (0.4250, 0.3833)",0.5904761904761905,20231224195320:20231224195638:20231224200218
54,Task 3,12288,Adversarial AE (0.50 Masked),LogisticRegression,"0.3569 (0.4167, 0.3254)",0.6377696377696377,20231225000136:20231225000532:20231225001113
55,Task 3,12288,Adversarial AE (0.50 Masked),ExtraTreesClassifier,"0.2907 (0.6111, 0.2143)",0.7132003798670464,20231225000136:20231225000532:20231225001113
56,Task 3,12288,Adversarial AE (0.50 Masked),RandomForestClassifier,"0.2857 (0.5000, 0.2000)",0.5601648351648352,20231209144202:20231209144441:20231220000805
57,Task 3,12288,Adversarial AE (0.50 Masked),COPOD,"0.2778 (0.6667, 0.1778)",0.5888888888888889,20231221064720:20231221065137:20231221065658
58,Task 3,12288,Adversarial AE (0.50 Masked),HBOS,"0.1953 (0.3333, 0.1389)",0.5232905982905983,20231223024845:20231223025251:20231223025803
59,Task 3,12288,Adversarial AE (0.50 Masked),ABOD,"0.0000 (0.0000, 0.0000)",0.5,20231209095410:20231209095744:20231209100302
60,Task 3,4096,Adversarial AE (0.50 Masked),GradientBoostingClassifier,"0.4709 (0.4617, 0.5214)",0.5425137362637363,20231206005042:20231206005712:20231206010155:20231206010538:20231206011205
61,Task 3,4096,Adversarial AE (0.50 Masked),XGBClassifier,"0.3827 (0.5333, 0.3271)",0.6050662083015025,20231202195228:20231202195447:20231202195714:20231202195929:20231202200147
62,Task 3,4096,Adversarial AE (0.50 Masked),RandomForestClassifier,"0.3567 (0.4500, 0.3657)",0.6164329004329004,20231206120304:20231206120757:20231206121209:20231206121630:20231206122031
63,Task 3,4096,Adversarial AE (0.50 Masked),LogisticRegression,"0.3389 (0.3800, 0.3333)",0.5967948717948718,20231208134753:20231208135233:20231208135703:20231208140129:20231208140604
64,Task 3,4096,Adversarial AE (0.50 Masked),ExtraTreesClassifier,"0.3338 (0.6000, 0.2519)",0.6090237377002083,20231206040238:20231206040613:20231206040945:20231206041318:20231206041647
65,Task 3,4096,Adversarial AE (0.50 Masked),HBOS,"0.1778 (0.2667, 0.1333)",0.5468253968253969,20231202224822:20231202225057:20231202225318:20231202225544:20231202225813
66,Task 3,4096,Adversarial AE (0.50 Masked),COPOD,"0.1667 (0.4000, 0.1067)",0.5404166666666667,20231208030624:20231208031237:20231208032004:20231208032642:20231208033244
67,Task 3,4096,Adversarial AE (0.50 Masked),ABOD,"0.0000 (0.0000, 0.0000)",0.5,20231126220450:20231126220854:20231126221053:20231126221359:20231126221737
68,Task 3,12288,Adversarial AE (0.25 Masked),GradientBoostingClassifier,"0.4434 (0.5333, 0.4762)",0.6446650775694893,20231223141904:20231223142304:20231223142830
69,Task 3,12288,Adversarial AE (0.25 Masked),XGBClassifier,"0.4127 (0.4722, 0.4167)",0.7609649122807017,20231221174318:20231221174615:20231221175143
70,Task 3,12288,Adversarial AE (0.25 Masked),KNeighborsClassifier,"0.3761 (0.3333, 0.4722)",0.6969352021435355,20231222103014:20231222103331:20231222103857
71,Task 3,12288,Adversarial AE (0.25 Masked),SVC,"0.3704 (0.6111, 0.2897)",0.8038194444444445,20231224093320:20231224093744:20231224094307
72,Task 3,12288,Adversarial AE (0.25 Masked),ExtraTreesClassifier,"0.2000 (0.3333, 0.1528)",0.5808980643539466,20231221234557:20231221234852:20231221235355
73,Task 3,12288,Adversarial AE (0.25 Masked),COPOD,"0.1481 (0.1667, 0.1333)",0.534640522875817,20231223120654:20231223121113:20231223121650
74,Task 3,12288,Adversarial AE (0.25 Masked),HBOS,"0.1333 (0.3333, 0.0833)",0.5416666666666666,20231224093320:20231224093744:20231224094307
75,Task 3,12288,Adversarial AE (0.25 Masked),LogisticRegression,"0.1333 (0.3333, 0.0833)",0.5240972222222222,20231221175814:20231221180140:20231221180646
76,Task 3,12288,Adversarial AE (0.25 Masked),RandomForestClassifier,"0.1111 (0.3333, 0.0667)",0.5148611111111111,20231222064306:20231222064601:20231222065101
77,Task 3,12288,Adversarial AE (0.25 Masked),ABOD,"0.0000 (0.0000, 0.0000)",0.5,20231208193915:20231208194144:20231208194642
78,Task 3,4096,Adversarial AE (0.25 Masked),GradientBoostingClassifier,"0.4976 (0.4321, 0.5988)",0.5809180402930403,20231206235131:20231206235642:20231207000152:20231207000657:20231207001201
79,Task 3,4096,Adversarial AE (0.25 Masked),XGBClassifier,"0.4356 (0.5867, 0.4071)",0.6857142857142857,20231204133714:20231204134027:20231204134341:20231204134716:20231204135036
80,Task 3,4096,Adversarial AE (0.25 Masked),ExtraTreesClassifier,"0.3581 (0.5500, 0.2824)",0.7019611662846957,20231205010553:20231205011028:20231205011540:20231205012030:20231205012547
81,Task 3,4096,Adversarial AE (0.25 Masked),RandomForestClassifier,"0.2786 (0.3400, 0.2833)",0.4854808590102707,20231202181515:20231202181734:20231202182001:20231202182257:20231202182626
82,Task 3,4096,Adversarial AE (0.25 Masked),LogisticRegression,"0.2571 (0.6500, 0.1786)",0.5966301672184026,20231206230415:20231206230820:20231206231231:20231206231634:20231206232040
83,Task 3,4096,Adversarial AE (0.25 Masked),HBOS,"0.1600 (0.3000, 0.1167)",0.5453081232492998,20231204210053:20231204210416:20231204210745:20231204211107:20231204211427
84,Task 3,4096,Adversarial AE (0.25 Masked),COPOD,"0.1371 (0.3000, 0.0900)",0.5268954248366013,20231204090502:20231204090857:20231204091256:20231204091638:20231204092025
85,Task 3,4096,Adversarial AE (0.25 Masked),ABOD,"0.0000 (0.0000, 0.0000)",0.5,20231126113532:20231126113904:20231126114144:20231126114512:20231126114745
86,Task 3,12288,Adversarial AE,SVC,"0.6815 (0.8222, 0.6952)",0.9219753285929756,20231221192048:20231221192338:20231221192841
87,Task 3,12288,Adversarial AE,KNeighborsClassifier,"0.6465 (0.6667, 0.7238)",0.7914390756302522,20231221192048:20231221192338:20231221192841
88,Task 3,12288,Adversarial AE,GradientBoostingClassifier,"0.6075 (0.5651, 0.6595)",0.739250700280112,20231221192048:20231221192338:20231221192841
89,Task 3,12288,Adversarial AE,XGBClassifier,"0.6000 (0.7000, 0.5929)",0.8471503986209868,20231221192048:20231221192338:20231221192841
90,Task 3,12288,Adversarial AE,LogisticRegression,"0.2741 (0.3444, 0.2810)",0.4786953242835596,20231221192048:20231221192338:20231221192841
91,Task 3,12288,Adversarial AE,HBOS,"0.1481 (0.3333, 0.0952)",0.5476190476190476,20231221192048:20231221192338:20231221192841
92,Task 3,12288,Adversarial AE,ABOD,"0.0000 (0.0000, 0.0000)",0.5,20231221192048:20231221192338:20231221192841
93,Task 3,12288,Adversarial AE,COPOD,"0.0000 (0.0000, 0.0000)",0.5,20231221192048:20231221192338:20231221192841
94,Task 3,4096,Adversarial AE,GradientBoostingClassifier,"0.7836 (0.8111, 0.7690)",0.871092032967033,20231203090004:20231203090417:20231203090816:20231203091200:20231203091601
95,Task 3,4096,Adversarial AE,KNeighborsClassifier,"0.7121 (0.8667, 0.6762)",0.8095238095238095,20231208143541:20231208144154:20231208144807:20231208145420:20231208150006
96,Task 3,4096,Adversarial AE,XGBClassifier,"0.7100 (0.8714, 0.6667)",0.8940088383838385,20231203070727:20231203071015:20231203071311:20231203071605:20231203071901
97,Task 3,4096,Adversarial AE,COPOD,"0.6610 (0.9333, 0.5633)",0.7673809523809524,20231201184337:20231201185007:20231201185637:20231201190213:20231201190843
98,Task 3,4096,Adversarial AE,SVC,"0.5767 (0.8762, 0.4767)",0.7437043650793651,20231207180057:20231207180906:20231207181645:20231207182418:20231207183149
99,Task 3,4096,Adversarial AE,GMM,"0.5753 (0.4355, 0.9000)",0.6982302011713776,20231205041303:20231205041739:20231205042135:20231205042412:20231205042755:20231205043033
100,Task 3,4096,Adversarial AE,LogisticRegression,"0.5701 (0.6800, 0.5438)",0.7950228937728937,20231206221148:20231206221623:20231206222125:20231206222536:20231206223007
101,Task 3,4096,Adversarial AE,HBOS,"0.5505 (0.8800, 0.4633)",0.7102380952380952,20231201184337:20231201185007:20231201185637:20231201190213:20231201190843
102,Task 3,4096,Adversarial AE,ABOD,"0.0000 (0.0000, 0.0000)",0.5,20231201184337:20231201185007:20231201185637:20231201190213:20231201190843
0,Task 2 (50% Noise),4096,Vanilla AE (0.75 Masked),SVC,"1.0000 (1.0000, 1.0000)",1.0,20240207032252:20240207032540:20240207032808:20240207033037:20240207033326
1,Task 2 (50% Noise),4096,Vanilla AE (0.75 Masked),LogisticRegression,"0.9024 (0.8222, 1.0000)",1.0,20240206073842:20240206074638:20240206074910
2,Task 2 (50% Noise),4096,Vanilla AE (0.75 Masked),GMM,"0.8727 (0.7778, 1.0000)",0.5,20240206073842:20240206074638:20240206074910
3,Task 2 (50% Noise),4096,Vanilla AE (0.75 Masked),KNeighborsClassifier,"0.8727 (0.7778, 1.0000)",0.5,20240206073842:20240206074638:20240206074910
4,Task 2 (50% Noise),4096,Vanilla AE (0.75 Masked),GradientBoostingClassifier,"0.8151 (0.7833, 0.8750)",0.890625,20240207032540:20240207032808:20240207033037:20240207033326
5,Task 2 (50% Noise),4096,Vanilla AE (0.75 Masked),XGBClassifier,"0.8100 (0.8500, 0.7833)",0.8027777777777778,20240205151333:20240205151623:20240205151930:20240205152235:20240205152540
6,Task 2 (50% Noise),4096,Vanilla AE (0.75 Masked),HBOS,"0.5105 (0.5200, 0.5333)",0.3666666666666666,20240205145320:20240205145450:20240205145620:20240205145749:20240205145919
7,Task 2 (50% Noise),4096,Vanilla AE (0.75 Masked),COPOD,"0.0667 (0.1000, 0.0500)",0.3333333333333333,20240207022711:20240207022911:20240207023119:20240207023325:20240207023527
8,Task 2 (50% Noise),4096,Vanilla AE (0.75 Masked),ABOD,"0.0000 (0.0000, 0.0000)",0.5,20231129142333:20231129142521:20231129142707:20231129142855:20231129143039
9,Task 2 (50% Noise),4096,Vanilla AE (0.50 Masked),SVC,"1.0000 (1.0000, 1.0000)",1.0,20231130120046:20231130120305:20231130120524:20231130120742:20231130120959
10,Task 2 (50% Noise),4096,Vanilla AE (0.50 Masked),LogisticRegression,"0.9045 (0.8333, 1.0000)",0.6125,20240205164612:20240205165048:20240205165256:20240205165536
11,Task 2 (50% Noise),4096,Vanilla AE (0.50 Masked),GradientBoostingClassifier,"0.9000 (0.8700, 0.9500)",0.8430555555555556,20240205152810:20240205153008:20240205153218:20240205153434:20240205153640
12,Task 2 (50% Noise),4096,Vanilla AE (0.50 Masked),GMM,"0.8818 (0.7917, 1.0000)",0.5,20240205164612:20240205165048:20240205165256:20240205165536
13,Task 2 (50% Noise),4096,Vanilla AE (0.50 Masked),KNeighborsClassifier,"0.8818 (0.7917, 1.0000)",0.5,20240205164612:20240205165048:20240205165256:20240205165536
14,Task 2 (50% Noise),4096,Vanilla AE (0.50 Masked),XGBClassifier,"0.8115 (0.8250, 0.8125)",0.71875,20240207014059:20240207014251:20240207014439:20240207014627
15,Task 2 (50% Noise),4096,Vanilla AE (0.50 Masked),HBOS,"0.4333 (0.4000, 0.4833)",0.2416666666666666,20240207013909:20240207014059:20240207014251:20240207014439:20240207014627
16,Task 2 (50% Noise),4096,Vanilla AE (0.50 Masked),ABOD,"0.0000 (0.0000, 0.0000)",0.5,20231129154453:20231129154708:20231129154923:20231129155138:20231129155355
17,Task 2 (50% Noise),4096,Vanilla AE (0.50 Masked),COPOD,"0.0000 (0.0000, 0.0000)",0.2708333333333333,20231129154453:20231129154708:20231129154923:20231129155138:20231129155355
18,Task 2 (50% Noise),4096,Vanilla AE (0.25 Masked),SVC,"1.0000 (1.0000, 1.0000)",1.0,20231129145218:20231129145405:20231129145554:20231129145744:20231129145932
19,Task 2 (50% Noise),4096,Vanilla AE (0.25 Masked),LogisticRegression,"0.8810 (0.8375, 0.9500)",0.95,20240205171815:20240205172009:20240205172200:20240205172356
20,Task 2 (50% Noise),4096,Vanilla AE (0.25 Masked),GMM,"0.8364 (0.7222, 1.0000)",0.5,20240205172009:20240205172200:20240205172356
21,Task 2 (50% Noise),4096,Vanilla AE (0.25 Masked),GradientBoostingClassifier,"0.8148 (0.7367, 0.9333)",0.7916666666666667,20240207051436:20240207051828:20240207052221:20240207052612:20240207053005
22,Task 2 (50% Noise),4096,Vanilla AE (0.25 Masked),KNeighborsClassifier,"0.8000 (0.6667, 1.0000)",0.5,20240206064300:20240206064653:20240206065046
23,Task 2 (50% Noise),4096,Vanilla AE (0.25 Masked),XGBClassifier,"0.7790 (0.7433, 0.8600)",0.5805555555555555,20231129162332:20231130094742:20231130094959:20231130095216:20231130095434
24,Task 2 (50% Noise),4096,Vanilla AE (0.25 Masked),HBOS,"0.3476 (0.2800, 0.5833)",0.2916666666666666,20231130121217:20231201072921:20231201073133:20231201073344:20231201073555
25,Task 2 (50% Noise),4096,Vanilla AE (0.25 Masked),ABOD,"0.0000 (0.0000, 0.0000)",0.5,20231129145218:20231129145405:20231129145554:20231129145744:20231129145932
26,Task 2 (50% Noise),4096,Vanilla AE (0.25 Masked),COPOD,"0.0000 (0.0000, 0.0000)",0.3266666666666666,20231129145218:20231129145405:20231129145554:20231129145744:20231129145932
27,Task 2 (50% Noise),4096,Vanilla AE,GradientBoostingClassifier,"1.0000 (1.0000, 1.0000)",1.0,20240206081750:20240206082009:20240206082212:20240206082406:20240206082559
28,Task 2 (50% Noise),4096,Vanilla AE,LogisticRegression,"1.0000 (1.0000, 1.0000)",1.0,20231129153326:20231129153514:20231129153658:20231129153844:20231129154029
29,Task 2 (50% Noise),4096,Vanilla AE,XGBClassifier,"0.9778 (0.9600, 1.0000)",0.9375,20231130115113:20231130115311:20231130115502:20231130115653:20231130115845
30,Task 2 (50% Noise),4096,Vanilla AE,COPOD,"0.8800 (0.8667, 0.9333)",0.9166666666666666,20240205144556:20240205144725:20240205144856:20240205145026:20240205145152
31,Task 2 (50% Noise),4096,Vanilla AE,GMM,"0.8273 (0.7083, 1.0000)",0.5,20240205153946:20240205154326:20240205155052:20240205155429
32,Task 2 (50% Noise),4096,Vanilla AE,KNeighborsClassifier,"0.5933 (1.0000, 0.4400)",0.72,20231129152325:20231129152511:20231129152655:20231129152843:20231129153029
33,Task 2 (50% Noise),4096,Vanilla AE,HBOS,"0.5714 (0.5500, 0.6000)",0.7666666666666667,20231129152325:20231129152511:20231129152655:20231129152843:20231129153029
34,Task 2 (50% Noise),4096,Vanilla AE,ABOD,"0.0000 (0.0000, 0.0000)",0.5,20231129143347:20231129143556:20231129143806:20231129144015:20231129144224
35,Task 2 (50% Noise),4096,Adversarial AE (0.75 Masked),SVC,"1.0000 (1.0000, 1.0000)",1.0,20240206103900:20240206104233:20240207012616:20240207012954:20240207013341
36,Task 2 (50% Noise),4096,Adversarial AE (0.75 Masked),GMM,"0.9091 (0.8333, 1.0000)",0.5,20240205151145:20240205151451:20240205151743
37,Task 2 (50% Noise),4096,Adversarial AE (0.75 Masked),KNeighborsClassifier,"0.8727 (0.7778, 1.0000)",0.5,20240206104233:20240207012616:20240207012954
38,Task 2 (50% Noise),4096,Adversarial AE (0.75 Masked),XGBClassifier,"0.8256 (0.7767, 0.9100)",0.625,20231130111115:20231130111311:20231130111506:20231130111701:20231130111857
39,Task 2 (50% Noise),4096,Adversarial AE (0.75 Masked),GradientBoostingClassifier,"0.8243 (0.8300, 0.8600)",0.758888888888889,20231129142238:20231129142426:20231129142613:20231129142759:20231129142945
40,Task 2 (50% Noise),4096,Adversarial AE (0.75 Masked),LogisticRegression,"0.8151 (0.7833, 0.8750)",0.78125,20240206085123:20240206085303:20240206085443:20240206085801
41,Task 2 (50% Noise),4096,Adversarial AE (0.75 Masked),HBOS,"0.4667 (0.4267, 0.5833)",0.375,20231129160844:20231129161043:20231129161236:20231129161431:20231129161625
42,Task 2 (50% Noise),4096,Adversarial AE (0.75 Masked),COPOD,"0.0667 (0.1000, 0.0500)",0.425,20231130111115:20231130111311:20231130111506:20231130111701:20231130111857
43,Task 2 (50% Noise),4096,Adversarial AE (0.75 Masked),ABOD,"0.0000 (0.0000, 0.0000)",0.5,20231129142238:20231129142426:20231129142613:20231129142759:20231129142945
44,Task 2 (50% Noise),4096,Adversarial AE (0.50 Masked),SVC,"1.0000 (1.0000, 1.0000)",1.0,20231130115937:20231130120154:20231130120414:20231130120632:20231130120850
45,Task 2 (50% Noise),4096,Adversarial AE (0.50 Masked),GMM,"0.8364 (0.7222, 1.0000)",0.5,20240206103037:20240206103448:20240206103656
46,Task 2 (50% Noise),4096,Adversarial AE (0.50 Masked),KNeighborsClassifier,"0.8273 (0.7083, 1.0000)",0.5,20240205152701:20240205152909:20240205153105:20240205153312
47,Task 2 (50% Noise),4096,Adversarial AE (0.50 Masked),XGBClassifier,"0.8095 (0.7750, 0.8542)",0.7881944444444444,20240207041900:20240207042218:20240207042534:20240207042854
48,Task 2 (50% Noise),4096,Adversarial AE (0.50 Masked),LogisticRegression,"0.7875 (0.7208, 0.8875)",0.7,20240205152701:20240205152909:20240205153105:20240205153312
49,Task 2 (50% Noise),4096,Adversarial AE (0.50 Masked),GradientBoostingClassifier,"0.7470 (0.7292, 0.7708)",0.7083333333333334,20240207041900:20240207042218:20240207042534:20240207042854
50,Task 2 (50% Noise),4096,Adversarial AE (0.50 Masked),HBOS,"0.4524 (0.4000, 0.5556)",0.4583333333333333,20240207014000:20240207014156:20240207014345
51,Task 2 (50% Noise),4096,Adversarial AE (0.50 Masked),COPOD,"0.1000 (0.2000, 0.0667)",0.5333333333333333,20231130104057:20231130104247:20231130104438:20231130104629:20231130104819
52,Task 2 (50% Noise),4096,Adversarial AE (0.50 Masked),ABOD,"0.0000 (0.0000, 0.0000)",0.5,20231129154344:20231129154600:20231129154815:20231129155030:20231129155245
53,Task 2 (50% Noise),4096,Adversarial AE (0.25 Masked),SVC,"0.9714 (1.0000, 0.9500)",1.0,20231129145124:20231129145310:20231129145458:20231129145648:20231129145837
54,Task 2 (50% Noise),4096,Adversarial AE (0.25 Masked),GMM,"0.9030 (0.8333, 1.0000)",0.5,20240207060326:20240207060645:20240207061645
55,Task 2 (50% Noise),4096,Adversarial AE (0.25 Masked),KNeighborsClassifier,"0.8727 (0.7778, 1.0000)",0.5,20240205143634:20240205143955:20240205144326
56,Task 2 (50% Noise),4096,Adversarial AE (0.25 Masked),XGBClassifier,"0.8651 (0.8250, 0.9375)",0.7361111111111112,20240206064030:20240206064420:20240206064814:20240206065208
57,Task 2 (50% Noise),4096,Adversarial AE (0.25 Masked),LogisticRegression,"0.8429 (0.7667, 0.9500)",0.7188888888888889,20240206065603:20240206065800:20240206065957:20240206070155:20240206070356
58,Task 2 (50% Noise),4096,Adversarial AE (0.25 Masked),GradientBoostingClassifier,"0.7254 (0.7400, 0.7633)",0.6777777777777778,20240205143634:20240205143815:20240205143955:20240205144145:20240205144326
59,Task 2 (50% Noise),4096,Adversarial AE (0.25 Masked),HBOS,"0.4583 (0.4625, 0.4625)",0.35625,20240206065800:20240206065957:20240206070155:20240206070356
60,Task 2 (50% Noise),4096,Adversarial AE (0.25 Masked),COPOD,"0.1000 (0.2000, 0.0667)",0.45,20240206101108:20240206101449:20240206101832:20240206102218:20240206102605
61,Task 2 (50% Noise),4096,Adversarial AE (0.25 Masked),ABOD,"0.0000 (0.0000, 0.0000)",0.5,20231129145124:20231129145310:20231129145458:20231129145648:20231129145837
62,Task 2 (50% Noise),4096,Adversarial AE,GradientBoostingClassifier,"1.0000 (1.0000, 1.0000)",1.0,20231129150954:20231129151144:20231129151333:20231129151523:20231129151710
63,Task 2 (50% Noise),4096,Adversarial AE,KNeighborsClassifier,"1.0000 (1.0000, 1.0000)",1.0,20240205150003:20240205150458:20240205150715:20240205150932
64,Task 2 (50% Noise),4096,Adversarial AE,LogisticRegression,"1.0000 (1.0000, 1.0000)",1.0,20231129150954:20231129151144:20231129151333:20231129151523:20231129151710
65,Task 2 (50% Noise),4096,Adversarial AE,XGBClassifier,"1.0000 (1.0000, 1.0000)",1.0,20240205150003:20240205150238:20240205150458:20240205150715:20240205150932
66,Task 2 (50% Noise),4096,Adversarial AE,HBOS,"0.9714 (0.9500, 1.0000)",0.9666666666666666,20240205144507:20240205144641:20240205144812:20240205144940:20240205145109
67,Task 2 (50% Noise),4096,Adversarial AE,COPOD,"0.9278 (0.8800, 1.0000)",0.8833333333333334,20231129152234:20231129152420:20231129152604:20231129152751:20231129152938
68,Task 2 (50% Noise),4096,Adversarial AE,GMM,"0.8963 (0.8222, 1.0000)",0.75,20240206081642:20240206081856:20240206082314
69,Task 2 (50% Noise),4096,Adversarial AE,ABOD,"0.0000 (0.0000, 0.0000)",0.5,20231129143239:20231129143450:20231129143702:20231129143911:20231129144119
0,Task 2 (25% Noise),4096,Vanilla AE (0.75 Masked),SVC,"1.0000 (1.0000, 1.0000)",1.0,20231122082358:20231122082844:20231122083218:20231122083639:20231122084020
1,Task 2 (25% Noise),4096,Vanilla AE (0.75 Masked),GMM,"0.9030 (0.8333, 1.0000)",0.5,20240206230230:20240206230558:20240206231255
2,Task 2 (25% Noise),4096,Vanilla AE (0.75 Masked),KNeighborsClassifier,"0.9030 (0.8333, 1.0000)",0.5,20240206230230:20240206230558:20240206231255
3,Task 2 (25% Noise),4096,Vanilla AE (0.75 Masked),LogisticRegression,"0.9030 (0.8333, 1.0000)",0.2,20240206230230:20240206230558:20240206231255
4,Task 2 (25% Noise),4096,Vanilla AE (0.75 Masked),GradientBoostingClassifier,"0.8667 (0.7778, 1.0000)",1.0,20240206220714:20240206221259:20240206222413
5,Task 2 (25% Noise),4096,Vanilla AE (0.75 Masked),XGBClassifier,"0.8667 (0.7778, 1.0000)",0.875,20240206220714:20240206221259:20240206222413
6,Task 2 (25% Noise),4096,Vanilla AE (0.75 Masked),HBOS,"0.5076 (0.5133, 0.6133)",0.3066666666666666,20231201050859:20231201051253:20231201051652:20231201052045:20231201052437
7,Task 2 (25% Noise),4096,Vanilla AE (0.75 Masked),ABOD,"0.0000 (0.0000, 0.0000)",0.5,20231122082358:20231122082844:20231122083218:20231122083639:20231122084020
8,Task 2 (25% Noise),4096,Vanilla AE (0.75 Masked),COPOD,"0.0000 (0.0000, 0.0000)",0.3333333333333333,20231122082358:20231122082844:20231122083218:20231122083639:20231122084020
9,Task 2 (25% Noise),4096,Vanilla AE (0.50 Masked),SVC,"1.0000 (1.0000, 1.0000)",1.0,20231122110340:20231122110520:20231122110658:20231122110834:20231122111010
10,Task 2 (25% Noise),4096,Vanilla AE (0.50 Masked),GradientBoostingClassifier,"0.8629 (0.8167, 0.9500)",0.925,20231126212726:20231126212924:20231126213107:20231126213249:20231126213433
11,Task 2 (25% Noise),4096,Vanilla AE (0.50 Masked),XGBClassifier,"0.8508 (0.8042, 0.9375)",0.875,20240206201627:20240206202119:20240206202605:20240206203049
12,Task 2 (25% Noise),4096,Vanilla AE (0.50 Masked),GMM,"0.8352 (0.7333, 1.0000)",0.5,20231126174154:20231126174338:20231126174527:20231126174713:20231126174901
13,Task 2 (25% Noise),4096,Vanilla AE (0.50 Masked),LogisticRegression,"0.8296 (0.7111, 1.0000)",0.6666666666666666,20240206205623:20240206205901:20240206210142
14,Task 2 (25% Noise),4096,Vanilla AE (0.50 Masked),KNeighborsClassifier,"0.8170 (0.7000, 1.0000)",0.5,20231126092155:20231126092416:20231126092636:20231126092840:20231126093109
15,Task 2 (25% Noise),4096,Vanilla AE (0.50 Masked),HBOS,"0.4841 (0.4167, 0.5833)",0.2916666666666666,20231127111409:20231127111619:20231127111838
16,Task 2 (25% Noise),4096,Vanilla AE (0.50 Masked),ABOD,"0.0000 (0.0000, 0.0000)",0.5,20231122075618:20231122075820:20231122080017:20231122080208:20231122080406
17,Task 2 (25% Noise),4096,Vanilla AE (0.50 Masked),COPOD,"0.0000 (0.0000, 0.0000)",0.41,20231122075618:20231122075820:20231122080017:20231122080208:20231122080406
18,Task 2 (25% Noise),4096,Vanilla AE (0.25 Masked),SVC,"1.0000 (1.0000, 1.0000)",1.0,20231126072348:20231126072626:20231126072901:20231126073136:20231126073413
19,Task 2 (25% Noise),4096,Vanilla AE (0.25 Masked),GMM,"0.9394 (0.8889, 1.0000)",0.5,20240205095950:20240205100155:20240205100357
20,Task 2 (25% Noise),4096,Vanilla AE (0.25 Masked),KNeighborsClassifier,"0.8273 (0.7083, 1.0000)",0.5,20240205113018:20240205113223:20240205113427:20240205113837
21,Task 2 (25% Noise),4096,Vanilla AE (0.25 Masked),LogisticRegression,"0.8222 (0.7000, 1.0000)",0.5,20240205121652:20240205122111:20240205122932:20240205123339
22,Task 2 (25% Noise),4096,Vanilla AE (0.25 Masked),GradientBoostingClassifier,"0.7925 (0.8267, 0.8033)",0.8044444444444444,20240205113018:20240205113223:20240205113427:20240205113632:20240205113837
23,Task 2 (25% Noise),4096,Vanilla AE (0.25 Masked),XGBClassifier,"0.7738 (0.8333, 0.7556)",0.8518518518518517,20240205104929:20240205105338:20240205105734
24,Task 2 (25% Noise),4096,Vanilla AE (0.25 Masked),HBOS,"0.4267 (0.3533, 0.5500)",0.275,20231126090105:20231126090327:20231126090549:20231126090809:20231126091029
25,Task 2 (25% Noise),4096,Vanilla AE (0.25 Masked),ABOD,"0.0000 (0.0000, 0.0000)",0.5,20231122093243:20231122093416:20231122093552:20231122093727:20231122093904
26,Task 2 (25% Noise),4096,Vanilla AE (0.25 Masked),COPOD,"0.0000 (0.0000, 0.0000)",0.3666666666666666,20231122093243:20231122093416:20231122093552:20231122093727:20231122093904
27,Task 2 (25% Noise),4096,Vanilla AE,ExtraTreesClassifier,"1.0000 (1.0000, 1.0000)",1.0,20231130075941:20231130080156:20231130080415:20231130080635:20231130080852
28,Task 2 (25% Noise),4096,Vanilla AE,GradientBoostingClassifier,"1.0000 (1.0000, 1.0000)",1.0,20231126083116:20231126083311:20231126083507:20231126083702:20231126083858
29,Task 2 (25% Noise),4096,Vanilla AE,KNeighborsClassifier,"1.0000 (1.0000, 1.0000)",1.0,20231126083116:20231126083311:20231126083507:20231126083702:20231126083858
30,Task 2 (25% Noise),4096,Vanilla AE,LogisticRegression,"1.0000 (1.0000, 1.0000)",1.0,20231122080600:20231122080749:20231122080932:20231122081115:20231122081258
31,Task 2 (25% Noise),4096,Vanilla AE,RandomForestClassifier,"1.0000 (1.0000, 1.0000)",1.0,20231201155353:20231201155812:20231201160221:20231201160617:20231201161025
32,Task 2 (25% Noise),4096,Vanilla AE,XGBClassifier,"0.9778 (0.9600, 1.0000)",0.95,20240206013215:20240206013438:20240206013715:20240206013948:20240206014218
33,Task 2 (25% Noise),4096,Vanilla AE,COPOD,"0.9722 (0.9500, 1.0000)",0.9375,20240206023608:20240206024029:20240206024440:20240206025235
34,Task 2 (25% Noise),4096,Vanilla AE,HBOS,"0.8778 (0.9600, 0.8667)",0.8833333333333332,20231201165717:20231201170101:20231201170446:20231201170832:20231201171215
35,Task 2 (25% Noise),4096,Vanilla AE,GMM,"0.8660 (0.7667, 1.0000)",0.5833333333333334,20240205132120:20240205133005:20240205133239
36,Task 2 (25% Noise),4096,Vanilla AE,ABOD,"0.0000 (0.0000, 0.0000)",0.5,20231122080600:20231122080749:20231122080932:20231122081115:20231122081258
37,Task 2 (25% Noise),4096,Adversarial AE (0.75 Masked),SVC,"1.0000 (1.0000, 1.0000)",1.0,20231122082139:20231122082526:20231122083011:20231122083348:20231122083812
38,Task 2 (25% Noise),4096,Adversarial AE (0.75 Masked),LogisticRegression,"0.8722 (0.7833, 1.0000)",0.625,20240205093201:20240205093419:20240205093922:20240205094143
39,Task 2 (25% Noise),4096,Adversarial AE (0.75 Masked),GradientBoostingClassifier,"0.8492 (0.7800, 0.9500)",0.95,20231122084158:20231122084634:20231122085021:20231122085427:20231122085823
40,Task 2 (25% Noise),4096,Adversarial AE (0.75 Masked),GMM,"0.8364 (0.7222, 1.0000)",0.5,20240205102403:20240205103200:20240205103951
41,Task 2 (25% Noise),4096,Adversarial AE (0.75 Masked),XGBClassifier,"0.8262 (0.7700, 0.9000)",0.902777777777778,20231122084158:20231122084634:20231122085021:20231122085427:20231122085823
42,Task 2 (25% Noise),4096,Adversarial AE (0.75 Masked),KNeighborsClassifier,"0.8000 (0.6667, 1.0000)",0.5,20240206040404:20240206040750:20240206041137
43,Task 2 (25% Noise),4096,Adversarial AE (0.75 Masked),HBOS,"0.6190 (0.6833, 0.6800)",0.5566666666666666,20231201043007:20231201043231:20231201043456:20231201043721:20231201043942
44,Task 2 (25% Noise),4096,Adversarial AE (0.75 Masked),COPOD,"0.2476 (0.3000, 0.2333)",0.45,20240206222623:20240206222840:20240206223103:20240206223326:20240206223543
45,Task 2 (25% Noise),4096,Adversarial AE (0.75 Masked),ABOD,"0.0000 (0.0000, 0.0000)",0.5,20231122082139:20231122082526:20231122083011:20231122083348:20231122083812
46,Task 2 (25% Noise),4096,Adversarial AE (0.50 Masked),SVC,"1.0000 (1.0000, 1.0000)",1.0,20231122110251:20231122110428:20231122110607:20231122110743:20231122110919
47,Task 2 (25% Noise),4096,Adversarial AE (0.50 Masked),XGBClassifier,"0.9327 (0.8778, 1.0000)",0.9166666666666666,20240205094631:20240205094833:20240205095037
48,Task 2 (25% Noise),4096,Adversarial AE (0.50 Masked),GradientBoostingClassifier,"0.9097 (0.8500, 1.0000)",0.96875,20240205094631:20240205094833:20240205095037:20240205095240
49,Task 2 (25% Noise),4096,Adversarial AE (0.50 Masked),GMM,"0.9055 (0.8333, 1.0000)",0.5,20231130083839:20231130084100:20231130084318:20231130084536:20231130084755
50,Task 2 (25% Noise),4096,Adversarial AE (0.50 Masked),KNeighborsClassifier,"0.8727 (0.7778, 1.0000)",0.5,20240206022138:20240206022359:20240206022848
51,Task 2 (25% Noise),4096,Adversarial AE (0.50 Masked),LogisticRegression,"0.8667 (0.8222, 0.9333)",0.5916666666666667,20240205094631:20240205094833:20240205095037
52,Task 2 (25% Noise),4096,Adversarial AE (0.50 Masked),HBOS,"0.6421 (0.8667, 0.5267)",0.6,20231130083839:20231130084100:20231130084318:20231130084536:20231130084755
53,Task 2 (25% Noise),4096,Adversarial AE (0.50 Masked),COPOD,"0.1500 (0.1500, 0.1500)",0.475,20231122075518:20231122075717:20231122075916:20231122080109:20231122080307
54,Task 2 (25% Noise),4096,Adversarial AE (0.50 Masked),ABOD,"0.0000 (0.0000, 0.0000)",0.5,20231122075518:20231122075717:20231122075916:20231122080109:20231122080307
55,Task 2 (25% Noise),4096,Adversarial AE (0.25 Masked),SVC,"1.0000 (1.0000, 1.0000)",1.0,20231126072221:20231126072506:20231126072742:20231126073017:20231126073256
56,Task 2 (25% Noise),4096,Adversarial AE (0.25 Masked),GMM,"0.8727 (0.7778, 1.0000)",0.5,20240205104336:20240205105116:20240205105922
57,Task 2 (25% Noise),4096,Adversarial AE (0.25 Masked),KNeighborsClassifier,"0.8727 (0.7778, 1.0000)",0.5,20240205104336:20240205105116:20240205105922
58,Task 2 (25% Noise),4096,Adversarial AE (0.25 Masked),LogisticRegression,"0.8727 (0.7778, 1.0000)",0.5083333333333333,20240205104336:20240205105116:20240205105922
59,Task 2 (25% Noise),4096,Adversarial AE (0.25 Masked),GradientBoostingClassifier,"0.8596 (0.7967, 0.9500)",0.7794444444444444,20231129134655:20231129134911:20231129135126:20231129135341:20231129135555
60,Task 2 (25% Noise),4096,Adversarial AE (0.25 Masked),XGBClassifier,"0.8500 (0.8000, 0.9333)",0.8592592592592593,20240206020905:20240206021215:20240206021828
61,Task 2 (25% Noise),4096,Adversarial AE (0.25 Masked),HBOS,"0.5800 (0.6400, 0.6333)",0.4166666666666667,20231201044204:20231201044427:20231201044651:20231201044916:20231201045139
62,Task 2 (25% Noise),4096,Adversarial AE (0.25 Masked),COPOD,"0.1571 (0.1167, 0.2667)",0.4433333333333333,20231126194249:20231126194436:20231126194626:20231126194813:20231126194958
63,Task 2 (25% Noise),4096,Adversarial AE (0.25 Masked),ABOD,"0.0000 (0.0000, 0.0000)",0.5,20231122093155:20231122093326:20231122093500:20231122093637:20231122093814
64,Task 2 (25% Noise),4096,Adversarial AE,COPOD,"1.0000 (1.0000, 1.0000)",1.0,20231122100412:20231122100600:20231122100749:20231122100937:20231122101129
65,Task 2 (25% Noise),4096,Adversarial AE,ExtraTreesClassifier,"1.0000 (1.0000, 1.0000)",1.0,20231201165509:20231201165857:20231201170241:20231201170626:20231201171012
66,Task 2 (25% Noise),4096,Adversarial AE,GradientBoostingClassifier,"1.0000 (1.0000, 1.0000)",1.0,20231122080504:20231122080652:20231122080842:20231122081025:20231122081207
67,Task 2 (25% Noise),4096,Adversarial AE,HBOS,"1.0000 (1.0000, 1.0000)",1.0,20231122080504:20231122080652:20231122080842:20231122081025:20231122081207
68,Task 2 (25% Noise),4096,Adversarial AE,KNeighborsClassifier,"1.0000 (1.0000, 1.0000)",1.0,20231122092436:20231122092608:20231122092734:20231122092904:20231122093031
69,Task 2 (25% Noise),4096,Adversarial AE,LogisticRegression,"1.0000 (1.0000, 1.0000)",1.0,20231122080504:20231122080652:20231122080842:20231122081025:20231122081207
70,Task 2 (25% Noise),4096,Adversarial AE,XGBClassifier,"1.0000 (1.0000, 1.0000)",1.0,20231122103210:20231122103506:20231122103803:20231122104058:20231122104353
71,Task 2 (25% Noise),4096,Adversarial AE,RandomForestClassifier,"0.9492 (0.9100, 1.0000)",1.0,20240206223801:20240206224151:20240206224543:20240206224936:20240206225325
72,Task 2 (25% Noise),4096,Adversarial AE,GMM,"0.9030 (0.8333, 1.0000)",0.5,20240207004335:20240207004633:20240207004938
73,Task 2 (25% Noise),4096,Adversarial AE,ABOD,"0.0000 (0.0000, 0.0000)",0.5,20231122080504:20231122080652:20231122080842:20231122081025:20231122081207
0,Task 2 (10% Noise),4096,Vanilla AE (0.75 Masked),SVC,"1.0000 (1.0000, 1.0000)",1.0,20231122123628:20231122124048:20231122124423:20231122124847:20231122125314
1,Task 2 (10% Noise),4096,Vanilla AE (0.75 Masked),GradientBoostingClassifier,"0.9270 (0.9100, 0.9600)",0.91,20231130234809:20231130235140:20231130235455:20231130235812:20231201000126
2,Task 2 (10% Noise),4096,Vanilla AE (0.75 Masked),GMM,"0.8727 (0.7778, 1.0000)",0.5,20240205221222:20240205221521:20240205222424
3,Task 2 (10% Noise),4096,Vanilla AE (0.75 Masked),KNeighborsClassifier,"0.8655 (0.7667, 1.0000)",0.5,20231126232442:20231126232707:20231126232928:20231126233150:20231126233417
4,Task 2 (10% Noise),4096,Vanilla AE (0.75 Masked),LogisticRegression,"0.8655 (0.7667, 1.0000)",0.65,20231126232442:20231126232707:20231126232928:20231126233150:20231126233417
5,Task 2 (10% Noise),4096,Vanilla AE (0.75 Masked),XGBClassifier,"0.8554 (0.8333, 0.9167)",0.9583333333333334,20240207124817:20240207130336:20240207130939
6,Task 2 (10% Noise),4096,Vanilla AE (0.75 Masked),HBOS,"0.6000 (0.4933, 0.8500)",0.425,20231130053129:20231130053443:20231130053759:20231130054111:20231130054424
7,Task 2 (10% Noise),4096,Vanilla AE (0.75 Masked),COPOD,"0.1600 (0.1667, 0.1667)",0.5,20231130212639:20231130213015:20231130213347:20231130213716:20231130214102
8,Task 2 (10% Noise),4096,Vanilla AE (0.75 Masked),ABOD,"0.0000 (0.0000, 0.0000)",0.5,20231122123628:20231122124048:20231122124423:20231122124847:20231122125314
9,Task 2 (10% Noise),4096,Vanilla AE (0.50 Masked),SVC,"1.0000 (1.0000, 1.0000)",1.0,20231122122149:20231122122439:20231122122729:20231122123018:20231122123308
10,Task 2 (10% Noise),4096,Vanilla AE (0.50 Masked),GradientBoostingClassifier,"0.9138 (0.8458, 1.0000)",0.9861111111111112,20240206185107:20240206185552:20240206190512:20240206191033
11,Task 2 (10% Noise),4096,Vanilla AE (0.50 Masked),GMM,"0.8727 (0.7778, 1.0000)",0.5,20240207134829:20240207135212:20240207135925
12,Task 2 (10% Noise),4096,Vanilla AE (0.50 Masked),KNeighborsClassifier,"0.8727 (0.7778, 1.0000)",0.5,20240207134829:20240207135212:20240207135925
13,Task 2 (10% Noise),4096,Vanilla AE (0.50 Masked),LogisticRegression,"0.8667 (0.7778, 1.0000)",0.75,20240206164233:20240206164834:20240206170554
14,Task 2 (10% Noise),4096,Vanilla AE (0.50 Masked),XGBClassifier,"0.8000 (0.8200, 0.8200)",0.795,20231125153312:20231125153458:20231125153643:20231125153831:20231125154017
15,Task 2 (10% Noise),4096,Vanilla AE (0.50 Masked),HBOS,"0.6667 (0.6000, 0.7500)",0.375,20240206164233:20240206164834:20240206170554
16,Task 2 (10% Noise),4096,Vanilla AE (0.50 Masked),COPOD,"0.1143 (0.2000, 0.0800)",0.39,20231129165530:20231129165833:20231129170135:20231129170438:20231129170743
17,Task 2 (10% Noise),4096,Vanilla AE (0.50 Masked),ABOD,"0.0000 (0.0000, 0.0000)",0.5,20231122044227:20231122044410:20231122044554:20231122044736:20231122044918
18,Task 2 (10% Noise),4096,Vanilla AE (0.25 Masked),SVC,"1.0000 (1.0000, 1.0000)",1.0,20231122063245:20231122063607:20231122063925:20231122064244:20231122064606
19,Task 2 (10% Noise),4096,Vanilla AE (0.25 Masked),XGBClassifier,"0.9048 (1.0000, 0.8500)",0.95,20231127033932:20231127034254:20231127034619:20231127034940:20231127035303
20,Task 2 (10% Noise),4096,Vanilla AE (0.25 Masked),GMM,"0.8727 (0.7778, 1.0000)",0.5,20240206162649:20240206163017:20240206163721
21,Task 2 (10% Noise),4096,Vanilla AE (0.25 Masked),LogisticRegression,"0.8727 (0.7778, 1.0000)",0.5666666666666668,20240206162649:20240206163017:20240206163721
22,Task 2 (10% Noise),4096,Vanilla AE (0.25 Masked),KNeighborsClassifier,"0.8364 (0.7222, 1.0000)",0.5,20240207120836:20240207122234:20240207122718
23,Task 2 (10% Noise),4096,Vanilla AE (0.25 Masked),GradientBoostingClassifier,"0.8262 (0.7533, 0.9333)",0.888888888888889,20231130032347:20231130032649:20231130032947:20231130033249:20231130033550
24,Task 2 (10% Noise),4096,Vanilla AE (0.25 Masked),HBOS,"0.5833 (0.5625, 0.6292)",0.3145833333333333,20240207120836:20240207121800:20240207122234:20240207122718
25,Task 2 (10% Noise),4096,Vanilla AE (0.25 Masked),COPOD,"0.1333 (0.2000, 0.1000)",0.45,20231128141001:20231128153926:20231128154211:20231128154458:20231128154743
26,Task 2 (10% Noise),4096,Vanilla AE (0.25 Masked),ABOD,"0.0000 (0.0000, 0.0000)",0.5,20231122054213:20231122054408:20231122054606:20231122054750:20231122054935
27,Task 2 (10% Noise),4096,Vanilla AE,COPOD,"1.0000 (1.0000, 1.0000)",1.0,20240206130117:20240206130919:20240206131627
28,Task 2 (10% Noise),4096,Vanilla AE,ExtraTreesClassifier,"1.0000 (1.0000, 1.0000)",1.0,20231123044857:20231123045034:20231123045213:20231123045352:20231123045529
29,Task 2 (10% Noise),4096,Vanilla AE,GradientBoostingClassifier,"1.0000 (1.0000, 1.0000)",1.0,20231122051003:20231122051253:20231122051542:20231122051832:20231122052122
30,Task 2 (10% Noise),4096,Vanilla AE,HBOS,"1.0000 (1.0000, 1.0000)",1.0,20240206130117:20240206130919:20240206131627
31,Task 2 (10% Noise),4096,Vanilla AE,KNeighborsClassifier,"1.0000 (1.0000, 1.0000)",1.0,20231122051003:20231122051253:20231122051542:20231122051832:20231122052122
32,Task 2 (10% Noise),4096,Vanilla AE,LogisticRegression,"1.0000 (1.0000, 1.0000)",1.0,20231122051003:20231122051253:20231122051542:20231122051832:20231122052122
33,Task 2 (10% Noise),4096,Vanilla AE,RandomForestClassifier,"1.0000 (1.0000, 1.0000)",1.0,20240206155703:20240206160244:20240206160816:20240206161352:20240206161922
34,Task 2 (10% Noise),4096,Vanilla AE,XGBClassifier,"1.0000 (1.0000, 1.0000)",1.0,20231122051003:20231122051253:20231122051542:20231122051832:20231122052122
35,Task 2 (10% Noise),4096,Vanilla AE,SVC,"0.9500 (0.9200, 1.0000)",1.0,20231130194354:20231130194841:20231130195328:20231130195814:20231130200300
36,Task 2 (10% Noise),4096,Vanilla AE,GMM,"0.8963 (0.8222, 1.0000)",0.75,20240205225249:20240205230332:20240205231334
37,Task 2 (10% Noise),4096,Vanilla AE,ABOD,"0.0000 (0.0000, 0.0000)",0.5,20231122051003:20231122051253:20231122051542:20231122051832:20231122052122
38,Task 2 (10% Noise),4096,Adversarial AE (0.75 Masked),SVC,"1.0000 (1.0000, 1.0000)",1.0,20231122123427:20231122123742:20231122124203:20231122124539:20231122125007
39,Task 2 (10% Noise),4096,Adversarial AE (0.75 Masked),GradientBoostingClassifier,"0.8651 (0.8250, 0.9167)",0.8090277777777778,20240206153202:20240206153800:20240206154354:20240206154906
40,Task 2 (10% Noise),4096,Adversarial AE (0.75 Masked),LogisticRegression,"0.8648 (0.8750, 0.9000)",0.69375,20240207124537:20240207125022:20240207130047:20240207130536
41,Task 2 (10% Noise),4096,Adversarial AE (0.75 Masked),GMM,"0.8545 (0.7500, 1.0000)",0.5,20240207124537:20240207125022:20240207130047:20240207130536
42,Task 2 (10% Noise),4096,Adversarial AE (0.75 Masked),KNeighborsClassifier,"0.8545 (0.7500, 1.0000)",0.5,20240207124537:20240207125022:20240207130047:20240207130536
43,Task 2 (10% Noise),4096,Adversarial AE (0.75 Masked),XGBClassifier,"0.8514 (0.9600, 0.7767)",0.8909722222222223,20231126031810:20231126032100:20231126032350:20231126032641:20231126032930
44,Task 2 (10% Noise),4096,Adversarial AE (0.75 Masked),HBOS,"0.6511 (0.7267, 0.6833)",0.5583333333333333,20231128161946:20231128162233:20231128162522:20231128162809:20231128163056
45,Task 2 (10% Noise),4096,Adversarial AE (0.75 Masked),COPOD,"0.3048 (0.3500, 0.3000)",0.5833333333333334,20231127054155:20231127054520:20231127054838:20231127055250:20231127055622
46,Task 2 (10% Noise),4096,Adversarial AE (0.75 Masked),ABOD,"0.0000 (0.0000, 0.0000)",0.5,20231122123427:20231122123742:20231122124203:20231122124539:20231122125007
47,Task 2 (10% Noise),4096,Adversarial AE (0.50 Masked),SVC,"1.0000 (1.0000, 1.0000)",1.0,20231122050042:20231122050217:20231122050354:20231122050528:20231122050702
48,Task 2 (10% Noise),4096,Adversarial AE (0.50 Masked),GradientBoostingClassifier,"0.8740 (0.8500, 0.9375)",0.953125,20240205032636:20240205032928:20240205033227:20240205033519
49,Task 2 (10% Noise),4096,Adversarial AE (0.50 Masked),XGBClassifier,"0.8592 (0.7933, 0.9500)",0.7027777777777777,20231122044135:20231122044318:20231122044502:20231122044645:20231122044826
50,Task 2 (10% Noise),4096,Adversarial AE (0.50 Masked),GMM,"0.8436 (0.7333, 1.0000)",0.5,20231126040045:20231126040449:20231126040850:20231126041248:20231126041647
51,Task 2 (10% Noise),4096,Adversarial AE (0.50 Masked),KNeighborsClassifier,"0.8436 (0.7333, 1.0000)",0.5,20231126040045:20231126040449:20231126040850:20231126041248:20231126041647
52,Task 2 (10% Noise),4096,Adversarial AE (0.50 Masked),LogisticRegression,"0.8078 (0.6800, 1.0000)",0.6555555555555556,20231122044135:20231122044318:20231122044502:20231122044645:20231122044826
53,Task 2 (10% Noise),4096,Adversarial AE (0.50 Masked),HBOS,"0.6743 (0.8333, 0.6467)",0.6900000000000001,20231130054715:20231130055029:20231130055339:20231130055658:20231130060017
54,Task 2 (10% Noise),4096,Adversarial AE (0.50 Masked),COPOD,"0.4210 (0.5667, 0.4000)",0.55,20231126035122:20231126035313:20231126035507:20231126035659:20231126035851
55,Task 2 (10% Noise),4096,Adversarial AE (0.50 Masked),ABOD,"0.0000 (0.0000, 0.0000)",0.5,20231122044135:20231122044318:20231122044502:20231122044645:20231122044826
56,Task 2 (10% Noise),4096,Adversarial AE (0.25 Masked),SVC,"1.0000 (1.0000, 1.0000)",1.0,20231122063053:20231122063410:20231122063730:20231122064050:20231122064409
57,Task 2 (10% Noise),4096,Adversarial AE (0.25 Masked),GradientBoostingClassifier,"0.8700 (0.8533, 0.9333)",0.8833333333333334,20240205040011:20240205040331:20240205040647:20240205040957:20240205041314
58,Task 2 (10% Noise),4096,Adversarial AE (0.25 Masked),GMM,"0.8500 (0.7500, 1.0000)",0.5,20240206003114:20240206003446:20240206004201:20240206004523
59,Task 2 (10% Noise),4096,Adversarial AE (0.25 Masked),KNeighborsClassifier,"0.8500 (0.7500, 1.0000)",0.5,20240206003114:20240206003446:20240206004201:20240206004523
60,Task 2 (10% Noise),4096,Adversarial AE (0.25 Masked),XGBClassifier,"0.8311 (0.7533, 0.9600)",0.7905555555555556,20231122055021:20231122055327:20231122055633:20231122055938:20231122060243
61,Task 2 (10% Noise),4096,Adversarial AE (0.25 Masked),LogisticRegression,"0.7833 (0.6444, 1.0000)",0.9629629629629628,20240205040011:20240205040331:20240205040647
62,Task 2 (10% Noise),4096,Adversarial AE (0.25 Masked),HBOS,"0.7000 (0.5867, 0.9500)",0.575,20231129054744:20231129055049:20231129055404:20231129055723:20231129060034
63,Task 2 (10% Noise),4096,Adversarial AE (0.25 Masked),COPOD,"0.2933 (0.3333, 0.2667)",0.4833333333333334,20231129025144:20231129025441:20231129025736:20231129030031:20231129030335
64,Task 2 (10% Noise),4096,Adversarial AE (0.25 Masked),ABOD,"0.0000 (0.0000, 0.0000)",0.5,20231122054117:20231122054258:20231122054456:20231122054656:20231122054839
65,Task 2 (10% Noise),4096,Adversarial AE,COPOD,"1.0000 (1.0000, 1.0000)",1.0,20231127085026:20231127085635:20231127091627:20231127092254:20231127092912
66,Task 2 (10% Noise),4096,Adversarial AE,ExtraTreesClassifier,"1.0000 (1.0000, 1.0000)",1.0,20231122150157:20231122150549:20231122150935:20231122151320:20231122151623
67,Task 2 (10% Noise),4096,Adversarial AE,GradientBoostingClassifier,"1.0000 (1.0000, 1.0000)",1.0,20231122050836:20231122051124:20231122051414:20231122051703:20231122051954
68,Task 2 (10% Noise),4096,Adversarial AE,HBOS,"1.0000 (1.0000, 1.0000)",1.0,20231123044805:20231123044946:20231123045124:20231123045302:20231123045440
69,Task 2 (10% Noise),4096,Adversarial AE,KNeighborsClassifier,"1.0000 (1.0000, 1.0000)",1.0,20231122050836:20231122051124:20231122051414:20231122051703:20231122051954
70,Task 2 (10% Noise),4096,Adversarial AE,LogisticRegression,"1.0000 (1.0000, 1.0000)",1.0,20231122050836:20231122051124:20231122051414:20231122051703:20231122051954
71,Task 2 (10% Noise),4096,Adversarial AE,RandomForestClassifier,"1.0000 (1.0000, 1.0000)",1.0,20231122050836:20231122051124:20231122051414:20231122051703:20231122051954
72,Task 2 (10% Noise),4096,Adversarial AE,SVC,"1.0000 (1.0000, 1.0000)",1.0,20231126230523:20231126230901:20231126231241:20231126231619:20231126231949
73,Task 2 (10% Noise),4096,Adversarial AE,XGBClassifier,"1.0000 (1.0000, 1.0000)",1.0,20231122070652:20231122070912:20231122071115:20231122071316:20231122071513
74,Task 2 (10% Noise),4096,Adversarial AE,GMM,"0.8944 (0.8167, 1.0000)",0.6666666666666666,20240206125912:20240206130320:20240206130723:20240206131117
75,Task 2 (10% Noise),4096,Adversarial AE,ABOD,"0.0000 (0.0000, 0.0000)",0.5,20231122050836:20231122051124:20231122051414:20231122051703:20231122051954
0,Task 1,4096,Vanilla AE (0.75 Masked),GMM,"0.7733 (0.6333, 1.0000)",0.5,20231127021552:20231127021731:20231127021943:20231127022126:20231127022314
1,Task 1,4096,Vanilla AE (0.75 Masked),HBOS,"0.7133 (0.6000, 0.9000)",0.45,20231127021552:20231127021731:20231127021943:20231127022126:20231127022314
2,Task 1,4096,Vanilla AE (0.75 Masked),GradientBoostingClassifier,"0.6730 (0.6767, 0.7500)",0.6902777777777778,20231201082639:20231201082835:20231201083031:20231201083224:20231201083422
3,Task 1,4096,Vanilla AE (0.75 Masked),LogisticRegression,"0.6711 (0.6733, 0.7333)",0.6083333333333333,20231127021552:20231127021731:20231127021943:20231127022126:20231127022314
4,Task 1,4096,Vanilla AE (0.75 Masked),XGBClassifier,"0.6457 (0.6000, 0.7500)",0.6472222222222223,20231129163034:20231129163222:20231129163409:20231129163557:20231130025816
5,Task 1,4096,Vanilla AE (0.75 Masked),COPOD,"0.5352 (0.7667, 0.4333)",0.5666666666666667,20231127021552:20231127021731:20231127021943:20231127022126:20231127022314
6,Task 1,4096,Vanilla AE (0.75 Masked),ABOD,"0.0000 (0.0000, 0.0000)",0.5,20231122211638:20231122211828:20231122212017:20231122212213:20231122212407
7,Task 1,4096,Vanilla AE (0.50 Masked),GMM,"0.8400 (0.7333, 1.0000)",0.5,20231122121050:20231122121208:20231122121325:20231122121442:20231122121559
8,Task 1,4096,Vanilla AE (0.50 Masked),XGBClassifier,"0.7925 (0.8433, 0.8000)",0.6875,20231122121050:20231122121208:20231122121325:20231122121442:20231122121559
9,Task 1,4096,Vanilla AE (0.50 Masked),LogisticRegression,"0.6867 (0.6867, 0.7500)",0.46875,20231122121050:20231122121208:20231122121325:20231122121442:20231122121559
10,Task 1,4096,Vanilla AE (0.50 Masked),HBOS,"0.6533 (0.6867, 0.7167)",0.40625,20231122121050:20231122121208:20231122121325:20231122121442:20231122121559
11,Task 1,4096,Vanilla AE (0.50 Masked),GradientBoostingClassifier,"0.6087 (0.7433, 0.5667)",0.6875,20231122121050:20231122121208:20231122121325:20231122121442:20231122121559
12,Task 1,4096,Vanilla AE (0.50 Masked),COPOD,"0.3886 (0.8000, 0.2833)",0.59375,20231122121050:20231122121208:20231122121325:20231122121442:20231122121559
13,Task 1,4096,Vanilla AE (0.50 Masked),ABOD,"0.0000 (0.0000, 0.0000)",0.5,20231122121050:20231122121208:20231122121325:20231122121442:20231122121559
14,Task 1,4096,Vanilla AE (0.25 Masked),LogisticRegression,"0.8387 (0.7778, 0.9167)",0.6749999999999999,20240205021552:20240205022121:20240205022406
15,Task 1,4096,Vanilla AE (0.25 Masked),GMM,"0.8364 (0.7222, 1.0000)",0.5,20240207105810:20240207110106:20240207110404
16,Task 1,4096,Vanilla AE (0.25 Masked),KNeighborsClassifier,"0.8364 (0.7222, 1.0000)",0.5,20240207105810:20240207110106:20240207110404
17,Task 1,4096,Vanilla AE (0.25 Masked),XGBClassifier,"0.7000 (0.6833, 0.7633)",0.6788888888888889,20240207105214:20240207105513:20240207105810:20240207110106:20240207110404
18,Task 1,4096,Vanilla AE (0.25 Masked),HBOS,"0.6971 (0.6200, 0.9200)",0.4599999999999999,20231130192209:20231130192413:20231130192633:20231130192835:20231130193031
19,Task 1,4096,Vanilla AE (0.25 Masked),GradientBoostingClassifier,"0.6310 (0.8125, 0.5583)",0.6475694444444444,20240207105513:20240207105810:20240207110106:20240207110404
20,Task 1,4096,Vanilla AE (0.25 Masked),COPOD,"0.3619 (0.5000, 0.3133)",0.515,20240205021552:20240205021835:20240205022121:20240205022406:20240205022650
21,Task 1,4096,Vanilla AE (0.25 Masked),ABOD,"0.0000 (0.0000, 0.0000)",0.5,20231126222319:20231126222805:20231126223239:20231126223710:20231126224140
22,Task 1,4096,Vanilla AE,GradientBoostingClassifier,"1.0000 (1.0000, 1.0000)",1.0,20231123031337:20231123031459:20231123031618:20231123031739:20231123031859
23,Task 1,4096,Vanilla AE,KNeighborsClassifier,"1.0000 (1.0000, 1.0000)",1.0,20231126015139:20231126015334:20231126015550:20231126015734:20231126015945
24,Task 1,4096,Vanilla AE,LogisticRegression,"1.0000 (1.0000, 1.0000)",1.0,20231123031337:20231123031459:20231123031618:20231123031739:20231123031859
25,Task 1,4096,Vanilla AE,XGBClassifier,"1.0000 (1.0000, 1.0000)",1.0,20231123031337:20231123031459:20231123031618:20231123031739:20231123031859
26,Task 1,4096,Vanilla AE,COPOD,"0.9492 (0.9100, 1.0000)",0.9166666666666666,20231123031337:20231123031459:20231123031618:20231123031739:20231123031859
27,Task 1,4096,Vanilla AE,HBOS,"0.9214 (0.8700, 1.0000)",0.9,20231126015139:20231126015334:20231126015550:20231126015734:20231126015945
28,Task 1,4096,Vanilla AE,GMM,"0.7972 (0.6667, 1.0000)",0.6458333333333334,20240205183152:20240205183321:20240205183629:20240205183806
29,Task 1,4096,Vanilla AE,ABOD,"0.0000 (0.0000, 0.0000)",0.5,20231123031337:20231123031459:20231123031618:20231123031739:20231123031859
30,Task 1,4096,Adversarial AE (0.75 Masked),GMM,"0.7533 (0.6333, 1.0000)",0.5,20231129162937:20231129163128:20231129163315:20231129163501:20231130025721
31,Task 1,4096,Adversarial AE (0.75 Masked),HBOS,"0.7433 (0.7500, 0.8500)",0.65625,20231129162937:20231129163128:20231129163315:20231129163501:20231130025721
32,Task 1,4096,Adversarial AE (0.75 Masked),LogisticRegression,"0.6944 (0.6000, 0.8933)",0.6266666666666667,20231201082542:20231201082736:20231201082933:20231201083128:20231201083323
33,Task 1,4096,Adversarial AE (0.75 Masked),GradientBoostingClassifier,"0.6576 (0.6633, 0.7167)",0.5520833333333333,20231129162937:20231129163128:20231129163315:20231129163501:20231130025721
34,Task 1,4096,Adversarial AE (0.75 Masked),XGBClassifier,"0.6110 (0.6867, 0.6833)",0.7138888888888889,20231127021424:20231127021641:20231127021841:20231127022034:20231127022219
35,Task 1,4096,Adversarial AE (0.75 Masked),COPOD,"0.4244 (0.4100, 0.4667)",0.46875,20231129162937:20231129163128:20231129163315:20231129163501:20231130025721
36,Task 1,4096,Adversarial AE (0.75 Masked),ABOD,"0.0000 (0.0000, 0.0000)",0.5,20231122211540:20231122211730:20231122211920:20231122212111:20231122212309
37,Task 1,4096,Adversarial AE (0.50 Masked),GMM,"0.7418 (0.6000, 1.0000)",0.5,20231126115115:20231126115340:20231126115606:20231126115824:20231126120039
38,Task 1,4096,Adversarial AE (0.50 Masked),LogisticRegression,"0.7252 (0.6000, 0.9333)",0.6488888888888888,20231126115115:20231126115340:20231126115606:20231126115824:20231126120039
39,Task 1,4096,Adversarial AE (0.50 Masked),GradientBoostingClassifier,"0.6690 (0.5867, 0.9000)",0.7083333333333334,20231122121009:20231122121129:20231122121245:20231122121402:20231122121521
40,Task 1,4096,Adversarial AE (0.50 Masked),HBOS,"0.6438 (0.5433, 0.8267)",0.4133333333333333,20231126115115:20231126115340:20231126115606:20231126115824:20231126120039
41,Task 1,4096,Adversarial AE (0.50 Masked),XGBClassifier,"0.6333 (0.5667, 0.8333)",0.5166666666666666,20231122121009:20231122121129:20231122121245:20231122121402:20231122121521
42,Task 1,4096,Adversarial AE (0.50 Masked),COPOD,"0.5400 (0.7333, 0.4467)",0.5650000000000001,20231128152929:20231128153115:20231128153258:20231128153440:20231128153624
43,Task 1,4096,Adversarial AE (0.50 Masked),ABOD,"0.0000 (0.0000, 0.0000)",0.5,20231122121009:20231122121129:20231122121245:20231122121402:20231122121521
44,Task 1,4096,Adversarial AE (0.25 Masked),HBOS,"0.8451 (0.7867, 0.9500)",0.6083333333333334,20231130192112:20231130192313:20231130192510:20231130192729:20231130192931
45,Task 1,4096,Adversarial AE (0.25 Masked),GMM,"0.8364 (0.7222, 1.0000)",0.5,20240205021701:20240205021946:20240205022516
46,Task 1,4096,Adversarial AE (0.25 Masked),KNeighborsClassifier,"0.8364 (0.7222, 1.0000)",0.5,20240205021701:20240205021946:20240205022516
47,Task 1,4096,Adversarial AE (0.25 Masked),GradientBoostingClassifier,"0.7752 (0.7600, 0.7933)",0.6261111111111111,20231130192112:20231130192313:20231130192510:20231130192729:20231130192931
48,Task 1,4096,Adversarial AE (0.25 Masked),XGBClassifier,"0.7752 (0.7200, 0.8700)",0.5305555555555556,20231130192112:20231130192313:20231130192510:20231130192729:20231130192931
49,Task 1,4096,Adversarial AE (0.25 Masked),LogisticRegression,"0.7576 (0.7367, 0.8200)",0.6411111111111112,20231130192112:20231130192313:20231130192510:20231130192729:20231130192931
50,Task 1,4096,Adversarial AE (0.25 Masked),COPOD,"0.4076 (0.6500, 0.3533)",0.51,20231130192112:20231130192313:20231130192510:20231130192729:20231130192931
51,Task 1,4096,Adversarial AE (0.25 Masked),ABOD,"0.0000 (0.0000, 0.0000)",0.5,20231126222033:20231126222503:20231126222952:20231126223423:20231126223854
52,Task 1,4096,Adversarial AE,COPOD,"1.0000 (1.0000, 1.0000)",1.0,20240205183102:20240205183234:20240205183402:20240205183539:20240205183715
53,Task 1,4096,Adversarial AE,GradientBoostingClassifier,"1.0000 (1.0000, 1.0000)",1.0,20231126015032:20231126015244:20231126015441:20231126015656:20231126015846
54,Task 1,4096,Adversarial AE,KNeighborsClassifier,"1.0000 (1.0000, 1.0000)",1.0,20231126015032:20231126015244:20231126015441:20231126015656:20231126015846
55,Task 1,4096,Adversarial AE,LogisticRegression,"1.0000 (1.0000, 1.0000)",1.0,20231126015032:20231126015244:20231126015441:20231126015656:20231126015846
56,Task 1,4096,Adversarial AE,HBOS,"0.9778 (0.9600, 1.0000)",0.95,20240205183102:20240205183234:20240205183402:20240205183539:20240205183715
57,Task 1,4096,Adversarial AE,XGBClassifier,"0.9714 (0.9500, 1.0000)",0.9666666666666666,20231126015032:20231126015244:20231126015441:20231126015656:20231126015846
58,Task 1,4096,Adversarial AE,GMM,"0.8632 (0.7700, 1.0000)",0.7,20240205183102:20240205183234:20240205183402:20240205183539:20240205183715
59,Task 1,4096,Adversarial AE,ABOD,"0.0000 (0.0000, 0.0000)",0.5,20231123031254:20231123031419:20231123031540:20231123031700:20231123031820
