name,dataset,type,len,attempt,leader,input_size,hidden_layers,hidden_layers_divisor,z_layer_divisor,dropout,learning_rate,batch_size,masking,mask_size,gen_loss,disc_loss,val_loss,epochs
20240209090027,Task 1,Adversarial AE,1,0,,4096,1,4,8,0.25,1e-06,16,True,0.75,0.43960983,1.1620761,0.013819173,300
20240209090242,Task 1,Vanilla AE,1,0,20240209090027.0,4096,1,4,8,0.25,1e-06,16,True,0.75,,,0.0180172454565763,300
20240209090429,Task 1,Adversarial AE,1,1,20240209090027.0,4096,1,4,8,0.25,1e-06,16,True,0.75,0.5777915120124817,0.8666731715202332,0.0148568181321024,300
20240209090636,Task 1,Vanilla AE,1,1,20240209090027.0,4096,1,4,8,0.25,1e-06,16,True,0.75,,,0.0180511623620986,300
20240209090821,Task 1,Adversarial AE,1,2,20240209090027.0,4096,1,4,8,0.25,1e-06,16,True,0.75,0.5728384256362915,0.9137463569641112,0.0182910468429327,300
20240209091028,Task 1,Vanilla AE,1,2,20240209090027.0,4096,1,4,8,0.25,1e-06,16,True,0.75,,,0.0183452367782592,300
20240209091143,Task 1,Adversarial AE,1,3,20240209090027.0,4096,1,4,8,0.25,1e-06,16,True,0.75,0.5939937233924866,0.8646906614303589,0.0200826153159141,300
20240209091340,Task 1,Vanilla AE,1,3,20240209090027.0,4096,1,4,8,0.25,1e-06,16,True,0.75,,,0.0181565005332231,300
20240209091507,Task 1,Adversarial AE,1,4,20240209090027.0,4096,1,4,8,0.25,1e-06,16,True,0.75,0.5310189127922058,1.0615992546081543,0.0143173020333051,300
20240209091704,Task 1,Vanilla AE,1,4,20240209090027.0,4096,1,4,8,0.25,1e-06,16,True,0.75,,,0.021885821595788,300
20240209170201,Task 1,Adversarial AE,1,0,,4096,2,2,32,0.5,1e-05,8,True,0.75,0.791408360004425,0.6037159562110901,0.017976189032197,31
20240209170222,Task 1,Adversarial AE,1,0,,4096,2,8,4,0.25,1e-05,32,True,0.75,0.5195387005805969,0.918408215045929,0.0154446009546518,77
20240209170258,Task 1,Vanilla AE,1,1,20240209170222.0,4096,2,8,4,0.25,1e-05,32,True,0.75,,,0.012988805770874,94
20240209170334,Task 1,Adversarial AE,1,1,20240209170222.0,4096,2,8,4,0.25,1e-05,32,True,0.75,0.6078161597251892,0.7878531217575073,0.0135381575673818,83
20240209170337,Task 1,Adversarial AE,1,0,,4096,1,4,8,0.1,1e-06,16,True,0.25,0.6552378535270691,1.8128972053527832,0.0164195727556943,300
20240209170441,Task 1,Vanilla AE,1,2,20240209170222.0,4096,2,8,4,0.25,1e-05,32,True,0.75,,,0.0119106611236929,165
20240209170558,Task 1,Adversarial AE,1,0,,4096,2,8,32,0.25,0.0001,16,False,0.75,0.0004995662020519,8.781498908996582,0.0049487445503473,26
20240209170549,Task 1,Vanilla AE,1,3,20240209170337.0,4096,1,4,8,0.1,1e-06,16,True,0.25,,,0.0164512023329734,300
20240209170645,Task 1,Vanilla AE,1,4,20240209170558.0,4096,2,8,32,0.25,0.0001,16,False,0.75,,,0.0033918526023626,46
20240209170702,Task 1,Adversarial AE,1,0,,4096,1,8,8,0.5,1e-05,16,True,0.25,0.667420506477356,0.7294471263885498,0.0157799068838357,64
20240209170730,Task 1,Adversarial AE,1,1,20240209170702.0,4096,1,8,8,0.5,1e-05,16,True,0.25,0.7218255996704102,0.6732596755027771,0.0156315248459577,69
20240209170741,Task 1,Adversarial AE,1,0,,4096,2,4,4,0.5,1e-05,8,False,0.5,0.7958852648735046,0.6001176834106445,0.0069809174165129,84
20240209170826,Task 1,Vanilla AE,1,1,20240209170702.0,4096,1,8,8,0.5,1e-05,16,True,0.25,,,0.0086801657453179,137
20240209170926,Task 1,Vanilla AE,1,1,20240209170741.0,4096,2,4,4,0.5,1e-05,8,False,0.5,,,0.0019609138835221,99
20240209170935,Task 1,Adversarial AE,1,0,,4096,2,4,4,0.1,0.0001,8,False,0.5,0.0003126479568891,8.163254737854004,0.0023265350610017,23
20240209171045,Task 1,Adversarial AE,1,0,20240209170935.0,4096,2,4,4,0.1,0.0001,8,False,0.5,2.633811163832433e-06,14.732433319091797,0.0047137811779975,13
20240209171146,Task 1,Vanilla AE,1,1,20240209170935.0,4096,2,4,4,0.1,0.0001,8,False,0.5,,,0.000587067741435,21
20240209171520,Task 1,Adversarial AE,1,1,20240209170935.0,4096,2,4,4,0.1,0.0001,8,False,0.5,0.000624165055342,7.3891143798828125,0.0009897211566567,33
20240209171627,Task 1,Vanilla AE,1,2,20240209170935.0,4096,2,4,4,0.1,0.0001,8,False,0.5,,,0.0023508004378527,21
20240209171726,Task 1,Adversarial AE,1,0,,4096,2,2,32,0.1,1e-05,16,True,0.5,0.9463739395141602,0.4961444437503814,0.0144849028438329,34
20240209171818,Task 1,Vanilla AE,1,1,20240209171726.0,4096,2,2,32,0.1,1e-05,16,True,0.5,,,0.0129058687016367,38
20240209171902,Task 1,Adversarial AE,1,1,20240209171726.0,4096,2,2,32,0.1,1e-05,16,True,0.5,0.985943615436554,0.4780195951461792,0.0089864609763026,83
20240209172010,Task 1,Vanilla AE,1,2,20240209171726.0,4096,2,2,32,0.1,1e-05,16,True,0.5,,,0.0129161858931183,54
20240209172101,Task 1,Adversarial AE,1,2,20240209171726.0,4096,2,2,32,0.1,1e-05,16,True,0.5,0.7879526019096375,0.6087770462036133,0.0180342178791761,21
20240209172151,Task 1,Vanilla AE,1,3,20240209171726.0,4096,2,2,32,0.1,1e-05,16,True,0.5,,,0.0157427955418825,46
20240209172236,Task 1,Adversarial AE,1,3,20240209171726.0,4096,2,2,32,0.1,1e-05,16,True,0.5,0.7649033665657043,0.6275202631950378,0.0178359225392341,24
20240209172327,Task 1,Vanilla AE,1,4,20240209171726.0,4096,2,2,32,0.1,1e-05,16,True,0.5,,,0.0174281224608421,38
20240209172411,Task 1,Adversarial AE,1,4,20240209171726.0,4096,2,2,32,0.1,1e-05,16,True,0.5,1.057302713394165,0.4304975569248199,0.0073940544389188,109
20240218235712,Task 1,Adversarial AE,3,0,,12288,2,6,24,0.5,1e-05,32,False,0.5,0.4605345726013183,1.045274257659912,0.0185421947389841,1
20240218235756,Task 1,Vanilla AE,3,0,20240218235712.0,12288,2,6,24,0.5,1e-05,32,False,0.5,,,0.0037811584770679,88
20240219000309,Task 1,Adversarial AE,3,1,20240218235712.0,12288,2,6,24,0.5,1e-05,32,False,0.5,0.3710704743862152,1.5755736827850342,0.0177024044096469,1
20240219000352,Task 1,Vanilla AE,3,1,20240218235712.0,12288,2,6,24,0.5,1e-05,32,False,0.5,,,0.0010301867732778,88
20240219000542,Task 1,Adversarial AE,3,2,20240218235712.0,12288,2,6,24,0.5,1e-05,32,False,0.5,0.4613379538059234,1.6149308681488037,0.020032275468111,1
20240219000626,Task 1,Vanilla AE,3,2,20240218235712.0,12288,2,6,24,0.5,1e-05,32,False,0.5,,,0.0064743398688733,85
20240219000814,Task 1,Adversarial AE,3,3,20240218235712.0,12288,2,6,24,0.5,1e-05,32,False,0.5,0.4252064228057861,1.2991527318954468,0.0193113777786493,1
20240219000857,Task 1,Vanilla AE,3,3,20240218235712.0,12288,2,6,24,0.5,1e-05,32,False,0.5,,,0.0058781690895557,81
20240219001045,Task 1,Adversarial AE,3,4,20240218235712.0,12288,2,6,24,0.5,1e-05,32,False,0.5,0.378568559885025,2.622133731842041,0.0180122964084148,1
20240219001129,Task 1,Vanilla AE,3,4,20240218235712.0,12288,2,6,24,0.5,1e-05,32,False,0.5,,,0.0082635879516601,74
20240219002628,Task 1,Adversarial AE,3,0,,12288,1,12,48,0.25,0.0001,16,True,0.25,0.6663548350334167,0.9260654449462892,0.0136559484526515,4
20240219002712,Task 1,Vanilla AE,3,0,20240219002628.0,12288,1,12,48,0.25,0.0001,16,True,0.25,,,0.0101138344034552,11
20240219002801,Task 1,Adversarial AE,3,1,20240219002628.0,12288,1,12,48,0.25,0.0001,16,True,0.25,0.735755443572998,0.6683094501495361,0.012687548995018,5
20240219002845,Task 1,Vanilla AE,3,1,20240219002628.0,12288,1,12,48,0.25,0.0001,16,True,0.25,,,0.0080477679148316,16
20240219002935,Task 1,Adversarial AE,3,2,20240219002628.0,12288,1,12,48,0.25,0.0001,16,True,0.25,0.6635109782218933,0.7601528167724609,0.0109251365065574,5
20240219003018,Task 1,Vanilla AE,3,2,20240219002628.0,12288,1,12,48,0.25,0.0001,16,True,0.25,,,0.0120228650048375,16
20240219145833,Task 1,Adversarial AE,3,3,20240219002628.0,12288,1,12,48,0.25,0.0001,16,True,0.25,0.7911182641983032,0.9600438475608826,0.0143564837053418,5
20240219145917,Task 1,Vanilla AE,3,3,20240219002628.0,12288,1,12,48,0.25,0.0001,16,True,0.25,,,0.0087158568203449,24
20240219150008,Task 1,Adversarial AE,3,4,20240219002628.0,12288,1,12,48,0.25,0.0001,16,True,0.25,0.7325677871704102,2.4313888549804688,0.0163941625505685,1
20240221174756,Task 1,Adversarial AE,3,4,20240219002628.0,12288,1,12,48,0.25,0.0001,16,True,0.25,0.8697046041488647,0.5473282337188721,0.0157809201627969,7
20240221174845,Task 1,Adversarial AE,3,0,,12288,1,6,48,0.1,1e-05,16,False,0.25,0.547876238822937,1.7747472524642944,0.0060685174539685,12
20240221174929,Task 1,Vanilla AE,3,0,20240221174845.0,12288,1,6,48,0.1,1e-05,16,False,0.25,,,0.001176030258648,61
20240221175059,Task 1,Adversarial AE,3,1,20240221174845.0,12288,1,6,48,0.1,1e-05,16,False,0.25,0.5136241316795349,1.0740740299224854,0.0023847136180847,10
20240221175144,Task 1,Vanilla AE,3,1,20240221174845.0,12288,1,6,48,0.1,1e-05,16,False,0.25,,,0.0006460766308009,43
20240221175254,Task 1,Adversarial AE,3,2,20240221174845.0,12288,1,6,48,0.1,1e-05,16,False,0.25,0.6777552962303162,1.130023717880249,0.0069723925553262,11
20240221175338,Task 1,Vanilla AE,3,2,20240221174845.0,12288,1,6,48,0.1,1e-05,16,False,0.25,,,0.0028256364166736,54
20240221175504,Task 1,Adversarial AE,3,3,20240221174845.0,12288,1,6,48,0.1,1e-05,16,False,0.25,0.584807813167572,1.5364055633544922,0.0064113303087651,11
20240221175549,Task 1,Vanilla AE,3,3,20240221174845.0,12288,1,6,48,0.1,1e-05,16,False,0.25,,,0.0008967157336883,115
20240221200915,Task 1,Adversarial AE,3,4,20240221174845.0,12288,1,6,48,0.1,1e-05,16,False,0.25,0.495565265417099,1.5905699729919434,0.0029206254985183,11
20240221201001,Task 1,Vanilla AE,3,4,20240221174845.0,12288,1,6,48,0.1,1e-05,16,False,0.25,,,0.0017824247479438,119
20240221201209,Task 1,Adversarial AE,3,0,,12288,2,12,12,0.25,0.0001,32,True,0.5,0.5656167268753052,0.8448344469070435,0.0147639345377683,8
20240221201307,Task 1,Vanilla AE,3,0,20240221201209.0,12288,2,12,12,0.25,0.0001,32,True,0.5,,,0.0104775251820683,28
20240221201418,Task 1,Adversarial AE,3,1,20240221201209.0,12288,2,12,12,0.25,0.0001,32,True,0.5,0.6064919829368591,0.805822491645813,0.0147105250507593,8
20240221201516,Task 1,Vanilla AE,3,1,20240221201209.0,12288,2,12,12,0.25,0.0001,32,True,0.5,,,0.009713782928884,17
20240221201622,Task 1,Adversarial AE,3,2,20240221201209.0,12288,2,12,12,0.25,0.0001,32,True,0.5,0.4343485832214355,1.1055805683135986,0.013957617804408,8
20240221201720,Task 1,Vanilla AE,3,2,20240221201209.0,12288,2,12,12,0.25,0.0001,32,True,0.5,,,0.0104314945638179,41
20240221201834,Task 1,Adversarial AE,3,3,20240221201209.0,12288,2,12,12,0.25,0.0001,32,True,0.5,0.6330069303512573,0.7923194169998169,0.0181378033012151,7
20240221201933,Task 1,Vanilla AE,3,3,20240221201209.0,12288,2,12,12,0.25,0.0001,32,True,0.5,,,0.0116558475419878,17
20240221224002,Task 1,Adversarial AE,3,4,20240221201209.0,12288,2,12,12,0.25,0.0001,32,True,0.5,0.694952130317688,0.7132968306541443,0.0180699229240417,1
20240221224059,Task 1,Vanilla AE,3,4,20240221201209.0,12288,2,12,12,0.25,0.0001,32,True,0.5,,,0.013506987132132,41
20240221224315,Task 1,Adversarial AE,3,0,,12288,1,24,48,0.1,1e-05,16,True,0.5,0.7128807902336121,0.8828039169311523,0.0119929034262895,20
20240221224403,Task 1,Vanilla AE,3,0,20240221224315.0,12288,1,24,48,0.1,1e-05,16,True,0.5,,,0.0116201909258961,28
20240221224505,Task 1,Adversarial AE,3,1,20240221224315.0,12288,1,24,48,0.1,1e-05,16,True,0.5,0.7306625247001648,0.7405298948287964,0.0109764905646443,20
20240221224554,Task 1,Vanilla AE,3,1,20240221224315.0,12288,1,24,48,0.1,1e-05,16,True,0.5,,,0.0113347247242927,28
20240222010451,Task 1,Adversarial AE,3,2,20240221224315.0,12288,1,24,48,0.1,1e-05,16,True,0.5,0.7126769423484802,1.3426759243011477,0.0162612348794937,18
20240222010539,Task 1,Vanilla AE,3,2,20240221224315.0,12288,1,24,48,0.1,1e-05,16,True,0.5,,,0.0145564721897244,28
20240222010713,Task 1,Adversarial AE,3,0,,12288,1,24,96,0.1,1e-05,16,True,0.5,0.7267819046974182,0.9330391883850098,0.0125553486868739,19
20240222010803,Task 1,Vanilla AE,3,0,20240222010713.0,12288,1,24,96,0.1,1e-05,16,True,0.5,,,0.0087748104706406,53
20240222010920,Task 1,Adversarial AE,3,1,20240222010713.0,12288,1,24,96,0.1,1e-05,16,True,0.5,0.7369885444641113,1.040601134300232,0.0109062138944864,20
20240222011010,Task 1,Vanilla AE,3,1,20240222010713.0,12288,1,24,96,0.1,1e-05,16,True,0.5,,,0.0103021254763007,28
20240222011112,Task 1,Adversarial AE,3,2,20240222010713.0,12288,1,24,96,0.1,1e-05,16,True,0.5,0.7358471751213074,0.8631464838981628,0.0131513746455311,20
20240222011202,Task 1,Vanilla AE,3,2,20240222010713.0,12288,1,24,96,0.1,1e-05,16,True,0.5,,,0.0120223714038729,30
20240222032609,Task 1,Adversarial AE,3,0,,12288,2,6,48,0.1,0.0001,32,True,0.75,0.5562127828598022,0.930794358253479,0.0159889254719018,4
20240222032655,Task 1,Vanilla AE,3,0,20240222032609.0,12288,2,6,48,0.1,0.0001,32,True,0.75,,,0.0136563740670681,10
20240222032849,Task 1,Adversarial AE,3,0,,12288,2,6,12,0.5,0.0001,8,False,0.5,6.456730261561461e-07,15.851990699768066,0.0275657624006271,5
20240222032948,Task 1,Vanilla AE,3,0,20240222032849.0,12288,2,6,12,0.5,0.0001,8,False,0.5,,,0.0117274476215243,35
20240222055947,Task 1,Adversarial AE,3,1,20240222032849.0,12288,2,6,12,0.5,0.0001,8,False,0.5,1.188095438919845e-06,13.699507713317873,0.0282023306936025,3
20240222060046,Task 1,Vanilla AE,3,1,20240222032849.0,12288,2,6,12,0.5,0.0001,8,False,0.5,,,0.0067286961711943,27
20240222060205,Task 1,Adversarial AE,3,2,20240222032849.0,12288,2,6,12,0.5,0.0001,8,False,0.5,0.0062319571152329,11.40140151977539,0.0304091963917017,4
20240222060306,Task 1,Vanilla AE,3,2,20240222032849.0,12288,2,6,12,0.5,0.0001,8,False,0.5,,,0.0098706101998686,38
20240222060503,Task 1,Adversarial AE,3,0,,12288,1,24,96,0.5,0.0001,32,False,0.25,0.2214850634336471,2.556509494781494,0.0120391733944416,6
20240222060546,Task 1,Vanilla AE,3,0,20240222060503.0,12288,1,24,96,0.5,0.0001,32,False,0.25,,,0.0011999342823401,56
20240222060654,Task 1,Adversarial AE,3,1,20240222060503.0,12288,1,24,96,0.5,0.0001,32,False,0.25,0.2496747970581054,1.8186492919921875,0.0114215835928916,6
20240222060737,Task 1,Vanilla AE,3,1,20240222060503.0,12288,1,24,96,0.5,0.0001,32,False,0.25,,,0.0010139921214431,23
20240222084849,Task 1,Adversarial AE,3,2,20240222060503.0,12288,1,24,96,0.5,0.0001,32,False,0.25,0.3187711834907532,2.1699509620666504,0.014419911429286,6
20240222084931,Task 1,Vanilla AE,3,2,20240222060503.0,12288,1,24,96,0.5,0.0001,32,False,0.25,,,0.0019485987722873,60
20240222085044,Task 1,Adversarial AE,3,3,20240222060503.0,12288,1,24,96,0.5,0.0001,32,False,0.25,0.2537751793861389,2.481147766113281,0.0140073718503117,5
20240222085127,Task 1,Vanilla AE,3,3,20240222060503.0,12288,1,24,96,0.5,0.0001,32,False,0.25,,,0.0011556739918887,78
20240222085252,Task 1,Adversarial AE,3,4,20240222060503.0,12288,1,24,96,0.5,0.0001,32,False,0.25,0.2288495600223541,1.9301340579986568,0.0132038025185465,5
20240222085336,Task 1,Vanilla AE,3,4,20240222060503.0,12288,1,24,96,0.5,0.0001,32,False,0.25,,,0.011572927236557,14
20240222085503,Task 1,Adversarial AE,3,0,,12288,1,6,96,0.5,0.0001,16,True,0.25,0.7144922018051147,0.7533547282218933,0.0123543366789817,6
20240222085549,Task 1,Vanilla AE,3,0,20240222085503.0,12288,1,6,96,0.5,0.0001,16,True,0.25,,,0.0103527540341019,17
20240222112720,Task 1,Adversarial AE,3,1,20240222085503.0,12288,1,6,96,0.5,0.0001,16,True,0.25,0.7116566896438599,2.0812127590179443,0.0128830624744296,5
20240222112806,Task 1,Vanilla AE,3,1,20240222085503.0,12288,1,6,96,0.5,0.0001,16,True,0.25,,,0.0072487057186663,12
20240222112857,Task 1,Adversarial AE,3,2,20240222085503.0,12288,1,6,96,0.5,0.0001,16,True,0.25,0.7015067934989929,0.8195078372955322,0.0110221654176712,6
20240222112944,Task 1,Vanilla AE,3,2,20240222085503.0,12288,1,6,96,0.5,0.0001,16,True,0.25,,,0.0126779330894351,12
20240222113036,Task 1,Adversarial AE,3,3,20240222085503.0,12288,1,6,96,0.5,0.0001,16,True,0.25,0.927684485912323,0.67535799741745,0.0148585531860589,15
20240222113126,Task 1,Vanilla AE,3,3,20240222085503.0,12288,1,6,96,0.5,0.0001,16,True,0.25,,,0.0096600232645869,12
20240222113217,Task 1,Adversarial AE,3,4,20240222085503.0,12288,1,6,96,0.5,0.0001,16,True,0.25,0.8548051118850708,0.60841304063797,0.014721748419106,8
20240222113303,Task 1,Vanilla AE,3,4,20240222085503.0,12288,1,6,96,0.5,0.0001,16,True,0.25,,,0.012585331685841,12
20240222170611,Task 1,Adversarial AE,3,0,,12288,2,6,96,0.1,1e-05,16,True,0.75,0.7818624377250671,0.6126324534416199,0.014888709411025,9
20240222170700,Task 1,Vanilla AE,3,0,20240222170611.0,12288,2,6,96,0.1,1e-05,16,True,0.75,,,0.0114658055827021,21
20240222170835,Task 1,Adversarial AE,3,0,,12288,1,6,96,0.1,0.0001,32,True,0.5,0.78496253490448,0.9570235013961792,0.0110405515879392,9
20240222170921,Task 1,Vanilla AE,3,0,20240222170835.0,12288,1,6,96,0.1,0.0001,32,True,0.5,,,0.0131598664447665,13
20240222171014,Task 1,Adversarial AE,3,1,20240222170835.0,12288,1,6,96,0.1,0.0001,32,True,0.5,0.7580435276031494,0.7564237117767334,0.0099366251379251,9
20240222171100,Task 1,Vanilla AE,3,1,20240222170835.0,12288,1,6,96,0.1,0.0001,32,True,0.5,,,0.0090249963104724,14
20240222171154,Task 1,Adversarial AE,3,2,20240222170835.0,12288,1,6,96,0.1,0.0001,32,True,0.5,0.7460416555404663,0.6896899342536926,0.0146082583814859,9
20240222171239,Task 1,Vanilla AE,3,2,20240222170835.0,12288,1,6,96,0.1,0.0001,32,True,0.5,,,0.0139670995995402,13
20240222195948,Task 1,Adversarial AE,3,3,20240222170835.0,12288,1,6,96,0.1,0.0001,32,True,0.5,0.8098947405815125,0.8560166954994202,0.0145932529121637,11
20240222200034,Task 1,Vanilla AE,3,3,20240222170835.0,12288,1,6,96,0.1,0.0001,32,True,0.5,,,0.012662217952311,13
20240222200127,Task 1,Adversarial AE,3,4,20240222170835.0,12288,1,6,96,0.1,0.0001,32,True,0.5,0.6947572231292725,2.2188491821289062,0.0164638310670852,1
20240222200212,Task 1,Vanilla AE,3,4,20240222170835.0,12288,1,6,96,0.1,0.0001,32,True,0.5,,,0.0149953318759799,12
20240222200411,Task 1,Adversarial AE,3,0,,12288,2,24,96,0.5,1e-06,32,False,0.25,0.5880803465843201,1.0827966928482056,0.0167559348046779,6
20240222200457,Task 1,Vanilla AE,3,0,20240222200411.0,12288,2,24,96,0.5,1e-06,32,False,0.25,,,0.0169730987399816,67
20240222224716,Task 1,Adversarial AE,3,1,20240222200411.0,12288,2,24,96,0.5,1e-06,32,False,0.25,0.5968199372291565,1.626675367355347,0.0160350687801837,9
20240222224802,Task 1,Vanilla AE,3,1,20240222200411.0,12288,2,24,96,0.5,1e-06,32,False,0.25,,,0.0044273259118199,300
20240222225214,Task 1,Adversarial AE,3,2,20240222200411.0,12288,2,24,96,0.5,1e-06,32,False,0.25,0.5742848515510559,1.1345512866973877,0.0181942991912364,9
20240222225300,Task 1,Vanilla AE,3,2,20240222200411.0,12288,2,24,96,0.5,1e-06,32,False,0.25,,,0.0088367676362395,300
20240222225739,Task 1,Adversarial AE,3,3,20240222200411.0,12288,2,24,96,0.5,1e-06,32,False,0.25,0.5920447111129761,1.7432682514190674,0.0176454465836286,8
20240222225824,Task 1,Vanilla AE,3,3,20240222200411.0,12288,2,24,96,0.5,1e-06,32,False,0.25,,,0.0081235030665993,300
20240222230306,Task 1,Adversarial AE,3,4,20240222200411.0,12288,2,24,96,0.5,1e-06,32,False,0.25,0.5773651003837585,1.7981048822402954,0.0165047347545623,9
20240222230353,Task 1,Vanilla AE,3,4,20240222200411.0,12288,2,24,96,0.5,1e-06,32,False,0.25,,,0.0103805037215352,286
20240222230821,Task 1,Adversarial AE,3,0,,12288,2,12,48,0.1,0.0001,32,True,0.25,0.6888810992240906,0.7289472818374634,0.0129003282636404,15
20240222231523,Task 1,Adversarial AE,3,0,20240222230821.0,12288,2,12,48,0.1,0.0001,32,True,0.25,0.8260038495063782,0.5800491571426392,0.0136195514351129,8
20240222231609,Task 1,Vanilla AE,3,1,20240222230821.0,12288,2,12,48,0.1,0.0001,32,True,0.25,,,0.0090445056557655,12
20240222231702,Task 1,Adversarial AE,3,1,20240222230821.0,12288,2,12,48,0.1,0.0001,32,True,0.25,0.7711999416351318,0.6389245390892029,0.0142627907916903,7
20240222231749,Task 1,Vanilla AE,3,2,20240222230821.0,12288,2,12,48,0.1,0.0001,32,True,0.25,,,0.0129662780091166,17
20240222231912,Task 1,Adversarial AE,3,0,,12288,1,12,24,0.25,1e-05,16,True,0.25,0.7186889052391052,0.6729534864425659,0.0148417828604578,23
20240222232002,Task 1,Vanilla AE,3,1,20240222231912.0,12288,1,12,24,0.25,1e-05,16,True,0.25,,,0.008324627764523,34
20240222232106,Task 1,Adversarial AE,3,1,20240222231912.0,12288,1,12,24,0.25,1e-05,16,True,0.25,0.6753700971603394,1.2602354288101196,0.0106676621362566,24
20240222232158,Task 1,Vanilla AE,3,2,20240222231912.0,12288,1,12,24,0.25,1e-05,16,True,0.25,,,0.0163818299770355,31
20240223015518,Task 1,Adversarial AE,3,2,20240222231912.0,12288,1,12,24,0.25,1e-05,16,True,0.25,0.6946287155151367,0.7372727990150452,0.0141049800440669,24
20240223015609,Task 1,Vanilla AE,3,3,20240222231912.0,12288,1,12,24,0.25,1e-05,16,True,0.25,,,0.0106960413977503,35
20240223015715,Task 1,Adversarial AE,3,3,20240222231912.0,12288,1,12,24,0.25,1e-05,16,True,0.25,0.7342719435691833,0.7313277125358582,0.0150214107707142,24
20240223015808,Task 1,Vanilla AE,3,4,20240222231912.0,12288,1,12,24,0.25,1e-05,16,True,0.25,,,0.0149863585829734,32
20240223015943,Task 1,Adversarial AE,3,0,,12288,2,24,24,0.5,0.0001,16,False,0.25,0.0003604440425988,8.100168228149414,0.0204762630164623,8
20240223020032,Task 1,Vanilla AE,3,1,20240223015943.0,12288,2,24,24,0.5,0.0001,16,False,0.25,,,0.0040777879767119,28
20240223020134,Task 1,Adversarial AE,3,1,20240223015943.0,12288,2,24,24,0.5,0.0001,16,False,0.25,2.784363823593594e-05,10.493260383605955,0.0153863802552223,8
20240223020224,Task 1,Vanilla AE,3,2,20240223015943.0,12288,2,24,24,0.5,0.0001,16,False,0.25,,,0.0117939068004488,11
20240223045947,Task 1,Adversarial AE,3,0,,12288,1,12,96,0.1,0.0001,16,True,0.25,0.8100576400756836,0.6823276877403259,0.0116673605516552,5
20240223050034,Task 1,Vanilla AE,3,1,20240223045947.0,12288,1,12,96,0.1,0.0001,16,True,0.25,,,0.0079538347199559,11
20240223050124,Task 1,Adversarial AE,3,1,20240223045947.0,12288,1,12,96,0.1,0.0001,16,True,0.25,0.7498891949653625,0.7940666079521179,0.0116927679628133,5
20240223050211,Task 1,Vanilla AE,3,2,20240223045947.0,12288,1,12,96,0.1,0.0001,16,True,0.25,,,0.0120099009945988,11
20240223050303,Task 1,Adversarial AE,3,2,20240223045947.0,12288,1,12,96,0.1,0.0001,16,True,0.25,0.7851716876029968,0.7174550890922546,0.011591506190598,5
20240223050350,Task 1,Vanilla AE,3,3,20240223045947.0,12288,1,12,96,0.1,0.0001,16,True,0.25,,,0.0111345080658793,11
20240223050440,Task 1,Adversarial AE,3,3,20240223045947.0,12288,1,12,96,0.1,0.0001,16,True,0.25,0.8973989486694336,0.588087797164917,0.0162809379398822,11
20240223050528,Task 1,Vanilla AE,3,4,20240223045947.0,12288,1,12,96,0.1,0.0001,16,True,0.25,,,0.0147701380774378,11
20240223074320,Task 1,Adversarial AE,3,4,20240223045947.0,12288,1,12,96,0.1,0.0001,16,True,0.25,0.7313147783279419,1.513581156730652,0.0161303076893091,2
20240223074441,Task 1,Adversarial AE,3,0,,12288,2,24,24,0.25,0.0001,32,True,0.75,0.6380062699317932,0.7585119009017944,0.0129220392554998,7
20240223074531,Task 1,Vanilla AE,3,0,20240223074441.0,12288,2,24,24,0.25,0.0001,32,True,0.75,,,0.0070154815912246,51
20240223074643,Task 1,Adversarial AE,3,1,20240223074441.0,12288,2,24,24,0.25,0.0001,32,True,0.75,0.5878111124038696,0.8126452565193176,0.0119727654382586,8
20240223074734,Task 1,Vanilla AE,3,1,20240223074441.0,12288,2,24,24,0.25,0.0001,32,True,0.75,,,0.0098053673282265,20
20240223074834,Task 1,Adversarial AE,3,2,20240223074441.0,12288,2,24,24,0.25,0.0001,32,True,0.75,0.5629199743270874,0.847955048084259,0.014482544735074,7
20240223074924,Task 1,Vanilla AE,3,2,20240223074441.0,12288,2,24,24,0.25,0.0001,32,True,0.75,,,0.010264404118061,27
20240223104002,Task 1,Adversarial AE,3,3,20240223074441.0,12288,2,24,24,0.25,0.0001,32,True,0.75,0.6195901036262512,0.7771459817886353,0.016684191301465,7
20240223104052,Task 1,Vanilla AE,3,3,20240223074441.0,12288,2,24,24,0.25,0.0001,32,True,0.75,,,0.0132743595167994,12
20240223104149,Task 1,Adversarial AE,3,4,20240223074441.0,12288,2,24,24,0.25,0.0001,32,True,0.75,0.5422145128250122,0.8942674398422241,0.0149501338601112,6
20240223104241,Task 1,Vanilla AE,3,4,20240223074441.0,12288,2,24,24,0.25,0.0001,32,True,0.75,,,0.0151458894833922,14
20240223104337,Task 1,Adversarial AE,3,0,,12288,1,24,96,0.25,1e-05,32,False,0.5,0.5962772965431213,1.3906490802764893,0.0166605394333601,1
20240223104421,Task 1,Vanilla AE,3,0,20240223104337.0,12288,1,24,96,0.25,1e-05,32,False,0.5,,,0.0007085597608238,169
20240223104630,Task 1,Adversarial AE,3,1,20240223104337.0,12288,1,24,96,0.25,1e-05,32,False,0.5,0.57403165102005,1.614405870437622,0.0160660743713378,1
20240223104715,Task 1,Vanilla AE,3,1,20240223104337.0,12288,1,24,96,0.25,1e-05,32,False,0.5,,,0.0007330267690122,70
20240223104849,Task 1,Adversarial AE,3,2,20240223104337.0,12288,1,24,96,0.25,1e-05,32,False,0.5,0.5881895422935486,2.3115439414978027,0.0181231461465358,1
20240223104931,Task 1,Vanilla AE,3,2,20240223104337.0,12288,1,24,96,0.25,1e-05,32,False,0.5,,,0.0015878224512562,171
20240228013411,Task 1,Adversarial AE,1,0,,4096,1,4,8,0.25,0.0001,8,True,0.5,0.4472705423831939,3.0904641151428223,0.0148253170773386,3
20240228013456,Task 1,Vanilla AE,1,0,20240228013411.0,4096,1,4,8,0.25,0.0001,8,True,0.5,,,0.0160058159381151,9
20240228013539,Task 1,Adversarial AE,1,1,20240228013411.0,4096,1,4,8,0.25,0.0001,8,True,0.5,0.484739601612091,0.9878316521644592,0.0110232764855027,4
20240228013622,Task 1,Vanilla AE,1,1,20240228013411.0,4096,1,4,8,0.25,0.0001,8,True,0.5,,,0.0120473904535174,9
20240228013704,Task 1,Adversarial AE,1,2,20240228013411.0,4096,1,4,8,0.25,0.0001,8,True,0.5,0.8314741253852844,0.6170299053192139,0.0128321992233395,16
20240228013752,Task 1,Vanilla AE,1,2,20240228013411.0,4096,1,4,8,0.25,0.0001,8,True,0.5,,,0.0091686397790908,28
20240228013837,Task 1,Adversarial AE,1,3,20240228013411.0,4096,1,4,8,0.25,0.0001,8,True,0.5,0.5642493367195129,1.5586721897125244,0.0172342620790004,3
20240228013920,Task 1,Vanilla AE,1,3,20240228013411.0,4096,1,4,8,0.25,0.0001,8,True,0.5,,,0.0174900665879249,9
20240228014003,Task 1,Adversarial AE,1,4,20240228013411.0,4096,1,4,8,0.25,0.0001,8,True,0.5,0.5264074206352234,0.906715214252472,0.0122294425964355,3
20240228014046,Task 1,Vanilla AE,1,4,20240228013411.0,4096,1,4,8,0.25,0.0001,8,True,0.5,,,0.0143984816968441,23
20240228020031,Task 1,Adversarial AE,1,0,,4096,1,4,4,0.25,1e-06,32,True,0.5,0.5149696469306946,1.292670726776123,0.0222061332315206,300
20240228020200,Task 1,Vanilla AE,1,0,20240228020031.0,4096,1,4,4,0.25,1e-06,32,True,0.5,,,0.0226250048726797,300
20240228020326,Task 1,Adversarial AE,1,1,20240228020031.0,4096,1,4,4,0.25,1e-06,32,True,0.5,0.6454185247421265,2.111604690551758,0.0222933404147624,300
20240228020457,Task 1,Vanilla AE,1,1,20240228020031.0,4096,1,4,4,0.25,1e-06,32,True,0.5,,,0.0206732898950576,300
20240228020624,Task 1,Adversarial AE,1,2,20240228020031.0,4096,1,4,4,0.25,1e-06,32,True,0.5,0.5957403182983398,0.9036021828651428,0.023962115868926,300
20240228020755,Task 1,Vanilla AE,1,2,20240228020031.0,4096,1,4,4,0.25,1e-06,32,True,0.5,,,0.0223693419247865,300
20240228020920,Task 1,Adversarial AE,1,3,20240228020031.0,4096,1,4,4,0.25,1e-06,32,True,0.5,0.5877240896224976,3.3777389526367188,0.0245696697384119,300
20240228021052,Task 1,Vanilla AE,1,3,20240228020031.0,4096,1,4,4,0.25,1e-06,32,True,0.5,,,0.0196404140442609,300
20240228021217,Task 1,Adversarial AE,1,4,20240228020031.0,4096,1,4,4,0.25,1e-06,32,True,0.5,0.5950727462768555,5.770780086517334,0.0216936413198709,300
20240228021346,Task 1,Vanilla AE,1,4,20240228020031.0,4096,1,4,4,0.25,1e-06,32,True,0.5,,,0.0252388510853052,300
20240228042243,Task 1,Adversarial AE,1,0,,4096,2,8,4,0.5,1e-06,16,True,0.5,0.6060360670089722,0.8002641797065735,0.0197971798479557,300
20240228042504,Task 1,Vanilla AE,1,0,20240228042243.0,4096,2,8,4,0.5,1e-06,16,True,0.5,,,0.0210954677313566,300
20240228042635,Task 1,Adversarial AE,1,1,20240228042243.0,4096,2,8,4,0.5,1e-06,16,True,0.5,0.6901450157165527,0.6994377970695496,0.0185926873236894,300
20240228042900,Task 1,Vanilla AE,1,1,20240228042243.0,4096,2,8,4,0.5,1e-06,16,True,0.5,,,0.0190464798361063,300
20240228043032,Task 1,Adversarial AE,1,2,20240228042243.0,4096,2,8,4,0.5,1e-06,16,True,0.5,0.6609441041946411,0.7292894721031189,0.0213506948202848,300
20240228043254,Task 1,Vanilla AE,1,2,20240228042243.0,4096,2,8,4,0.5,1e-06,16,True,0.5,,,0.0216625183820724,300
20240228043423,Task 1,Adversarial AE,1,3,20240228042243.0,4096,2,8,4,0.5,1e-06,16,True,0.5,0.6491937637329102,0.7423163652420044,0.0211692862212657,300
20240228043645,Task 1,Vanilla AE,1,3,20240228042243.0,4096,2,8,4,0.5,1e-06,16,True,0.5,,,0.0207933019846677,300
20240228043817,Task 1,Adversarial AE,1,4,20240228042243.0,4096,2,8,4,0.5,1e-06,16,True,0.5,0.7218366861343384,0.6657309532165527,0.0186234693974256,300
20240228044038,Task 1,Vanilla AE,1,4,20240228042243.0,4096,2,8,4,0.5,1e-06,16,True,0.5,,,0.0230150874704122,300
20240228064143,Task 1,Adversarial AE,1,0,,4096,2,2,32,0.25,1e-05,32,True,0.5,0.8064224123954773,0.5953664779663086,0.0152361746877431,73
20240228064238,Task 1,Vanilla AE,1,0,20240228064143.0,4096,2,2,32,0.25,1e-05,32,True,0.5,,,0.0143581181764602,77
20240228064328,Task 1,Adversarial AE,1,1,20240228064143.0,4096,2,2,32,0.25,1e-05,32,True,0.5,0.939683735370636,0.4983864724636078,0.0082297343760728,203
20240228064446,Task 1,Vanilla AE,1,1,20240228064143.0,4096,2,2,32,0.25,1e-05,32,True,0.5,,,0.0130530567839741,83
20240228064538,Task 1,Adversarial AE,1,2,20240228064143.0,4096,2,2,32,0.25,1e-05,32,True,0.5,0.9264488220214844,0.5096989870071411,0.015735775232315,118
20240228064641,Task 1,Vanilla AE,1,2,20240228064143.0,4096,2,2,32,0.25,1e-05,32,True,0.5,,,0.0150781450793147,61
20240228064731,Task 1,Adversarial AE,1,3,20240228064143.0,4096,2,2,32,0.25,1e-05,32,True,0.5,0.9411789178848268,0.5012901425361633,0.0123325418680906,169
20240228064843,Task 1,Vanilla AE,1,3,20240228064143.0,4096,2,2,32,0.25,1e-05,32,True,0.5,,,0.0120289744809269,73
20240228064935,Task 1,Adversarial AE,1,4,20240228064143.0,4096,2,2,32,0.25,1e-05,32,True,0.5,0.8414660692214966,0.5755081176757812,0.0128602804616093,140
20240228065044,Task 1,Vanilla AE,1,4,20240228064143.0,4096,2,2,32,0.25,1e-05,32,True,0.5,,,0.0164721738547086,63
20240228090949,Task 1,Adversarial AE,1,0,,4096,2,2,16,0.25,1e-05,32,False,0.25,0.6529780030250549,0.7352462410926819,0.0103493873029947,50
20240228091040,Task 1,Vanilla AE,1,0,20240228090949.0,4096,2,2,16,0.25,1e-05,32,False,0.25,,,0.0012784810969606,170
20240228091141,Task 1,Adversarial AE,1,1,20240228090949.0,4096,2,2,16,0.25,1e-05,32,False,0.25,0.3891280591487884,1.147413969039917,0.0185050126165151,4
20240228091223,Task 1,Vanilla AE,1,1,20240228090949.0,4096,2,2,16,0.25,1e-05,32,False,0.25,,,0.001126772374846,80
20240228091315,Task 1,Adversarial AE,1,2,20240228090949.0,4096,2,2,16,0.25,1e-05,32,False,0.25,0.6894645690917969,0.6980863213539124,0.0141284111887216,40
20240228091403,Task 1,Vanilla AE,1,2,20240228090949.0,4096,2,2,16,0.25,1e-05,32,False,0.25,,,0.0023320245090872,181
20240228091510,Task 1,Adversarial AE,1,3,20240228090949.0,4096,2,2,16,0.25,1e-05,32,False,0.25,0.6476342082023621,0.742466926574707,0.0132820140570402,49
20240228091600,Task 1,Vanilla AE,1,3,20240228090949.0,4096,2,2,16,0.25,1e-05,32,False,0.25,,,0.0021907293703407,195
20240228091706,Task 1,Adversarial AE,1,4,20240228090949.0,4096,2,2,16,0.25,1e-05,32,False,0.25,0.6839267611503601,0.7025003433227539,0.0100169358775019,40
20240228091755,Task 1,Vanilla AE,1,4,20240228090949.0,4096,2,2,16,0.25,1e-05,32,False,0.25,,,0.0028544489759951,260
20240228113516,Task 1,Adversarial AE,1,0,,4096,2,2,32,0.1,1e-06,8,False,0.5,1.0067239999771118,0.4580707252025604,0.0034342482686042,239
20240228113753,Task 1,Vanilla AE,1,0,20240228113516.0,4096,2,2,32,0.1,1e-06,8,False,0.5,,,0.0012428419431671,300
20240228113927,Task 1,Adversarial AE,1,1,20240228113516.0,4096,2,2,32,0.1,1e-06,8,False,0.5,1.0298993587493896,0.4419239163398742,0.0024528952781111,121
20240228114110,Task 1,Vanilla AE,1,1,20240228113516.0,4096,2,2,32,0.1,1e-06,8,False,0.5,,,0.0010724846506491,139
20240228114214,Task 1,Adversarial AE,1,2,20240228113516.0,4096,2,2,32,0.1,1e-06,8,False,0.5,1.0379817485809326,0.4468537271022796,0.0045435759238898,220
20240228114446,Task 1,Vanilla AE,1,2,20240228113516.0,4096,2,2,32,0.1,1e-06,8,False,0.5,,,0.0025759804993867,300
20240228114621,Task 1,Adversarial AE,1,3,20240228113516.0,4096,2,2,32,0.1,1e-06,8,False,0.5,0.968427300453186,0.4827287495136261,0.0086697423830628,116
20240228114759,Task 1,Vanilla AE,1,3,20240228113516.0,4096,2,2,32,0.1,1e-06,8,False,0.5,,,0.0028801939915865,300
20240228114935,Task 1,Adversarial AE,1,4,20240228113516.0,4096,2,2,32,0.1,1e-06,8,False,0.5,1.0499811172485352,0.4309509992599487,0.0024577602744102,158
20240228115134,Task 1,Vanilla AE,1,4,20240228113516.0,4096,2,2,32,0.1,1e-06,8,False,0.5,,,0.0054700099863111,300
20240228141337,Task 1,Adversarial AE,1,0,,4096,2,4,8,0.1,0.0001,8,True,0.75,0.3241518139839172,1.946552038192749,0.0122756212949752,6
20240228141427,Task 1,Vanilla AE,1,0,20240228141337.0,4096,2,4,8,0.1,0.0001,8,True,0.75,,,0.0116855278611183,33
20240228141517,Task 1,Adversarial AE,1,1,20240228141337.0,4096,2,4,8,0.1,0.0001,8,True,0.75,0.5222183465957642,1.0312525033950806,0.0077785039320588,7
20240228141606,Task 1,Vanilla AE,1,1,20240228141337.0,4096,2,4,8,0.1,0.0001,8,True,0.75,,,0.0062435045838356,72
20240228141658,Task 1,Adversarial AE,1,2,20240228141337.0,4096,2,4,8,0.1,0.0001,8,True,0.75,0.0001858997857198,14.846708297729492,0.0108945416286587,22
20240228141753,Task 1,Vanilla AE,1,2,20240228141337.0,4096,2,4,8,0.1,0.0001,8,True,0.75,,,0.0116696245968341,36
20240228141842,Task 1,Adversarial AE,1,3,20240228141337.0,4096,2,4,8,0.1,0.0001,8,True,0.75,0.9742679595947266,0.5495951175689697,0.0128216696903109,8
20240228141931,Task 1,Vanilla AE,1,3,20240228141337.0,4096,2,4,8,0.1,0.0001,8,True,0.75,,,0.0087393345311284,31
20240228142018,Task 1,Adversarial AE,1,4,20240228141337.0,4096,2,4,8,0.1,0.0001,8,True,0.75,1.4941012859344482,1.5228652954101562,0.0107168992981314,15
20240228142110,Task 1,Vanilla AE,1,4,20240228141337.0,4096,2,4,8,0.1,0.0001,8,True,0.75,,,0.0163727700710296,23
20240228163506,Task 1,Adversarial AE,1,0,,4096,2,4,4,0.1,1e-05,32,True,0.25,0.6800729632377625,0.7081231474876404,0.0175665747374296,70
20240228163612,Task 1,Vanilla AE,1,0,20240228163506.0,4096,2,4,4,0.1,1e-05,32,True,0.25,,,0.0127414688467979,56
20240228163711,Task 1,Adversarial AE,1,1,20240228163506.0,4096,2,4,4,0.1,1e-05,32,True,0.25,0.6541497707366943,0.7388030886650085,0.0155676435679197,69
20240228163818,Task 1,Vanilla AE,1,1,20240228163506.0,4096,2,4,4,0.1,1e-05,32,True,0.25,,,0.0111897168681025,79
20240228163920,Task 1,Adversarial AE,1,2,20240228163506.0,4096,2,4,4,0.1,1e-05,32,True,0.25,0.663500189781189,0.7249913811683655,0.0182698126882314,72
20240228164029,Task 1,Vanilla AE,1,2,20240228163506.0,4096,2,4,4,0.1,1e-05,32,True,0.25,,,0.0174473859369754,52
20240228164130,Task 1,Adversarial AE,1,3,20240228163506.0,4096,2,4,4,0.1,1e-05,32,True,0.25,0.691886842250824,0.6955828070640564,0.0162598714232444,75
20240228164239,Task 1,Vanilla AE,1,3,20240228163506.0,4096,2,4,4,0.1,1e-05,32,True,0.25,,,0.0161557178944349,54
20240228164338,Task 1,Adversarial AE,1,4,20240228163506.0,4096,2,4,4,0.1,1e-05,32,True,0.25,0.6408940553665161,0.7562445402145386,0.0136784184724092,76
20240228164447,Task 1,Vanilla AE,1,4,20240228163506.0,4096,2,4,4,0.1,1e-05,32,True,0.25,,,0.0193346291780471,53
20240228185431,Task 1,Adversarial AE,1,0,,4096,2,4,8,0.5,1e-05,32,False,0.75,0.7564173936843872,0.633798360824585,0.009460000321269,215
20240228185552,Task 1,Vanilla AE,1,0,20240228185431.0,4096,2,4,8,0.5,1e-05,32,False,0.75,,,0.005521033424884,162
20240228185656,Task 1,Adversarial AE,1,1,20240228185431.0,4096,2,4,8,0.5,1e-05,32,False,0.75,0.7680308222770691,0.6235025525093079,0.0061352420598268,220
20240228185818,Task 1,Vanilla AE,1,1,20240228185431.0,4096,2,4,8,0.5,1e-05,32,False,0.75,,,0.0019795249681919,193
20240228185926,Task 1,Adversarial AE,1,2,20240228185431.0,4096,2,4,8,0.5,1e-05,32,False,0.75,0.732397735118866,0.655388355255127,0.0107917170971632,195
20240228190043,Task 1,Vanilla AE,1,2,20240228185431.0,4096,2,4,8,0.5,1e-05,32,False,0.75,,,0.0082476288080215,160
20240228190148,Task 1,Adversarial AE,1,3,20240228185431.0,4096,2,4,8,0.5,1e-05,32,False,0.75,0.7617322206497192,0.6290144920349121,0.0112717105075716,221
20240228190313,Task 1,Vanilla AE,1,3,20240228185431.0,4096,2,4,8,0.5,1e-05,32,False,0.75,,,0.0079719237983226,147
20240228190414,Task 1,Adversarial AE,1,4,20240228185431.0,4096,2,4,8,0.5,1e-05,32,False,0.75,0.3482121527194977,1.279714822769165,0.0186812989413738,6
20240228190458,Task 1,Vanilla AE,1,4,20240228185431.0,4096,2,4,8,0.5,1e-05,32,False,0.75,,,0.010422996245324612,162
